Item de configuração,total_incidentes,dias_com_incidente,media_diaria,max_diario,std_diario,indice_ruido,total_manuais_p2p3,correlacao_risco
IC00325,1539,31,49.645161290322584,349,83.95655558565068,16784.71875,0.0,0.0
IC04696,591,9,65.66666666666667,163,64.89799688742328,9633.3,0.0,0.0
IC00947,651,13,50.07692307692308,188,70.01245310474123,8742.0,0.0,0.0
IC01964,653,13,50.23076923076923,175,67.71527873647848,8162.5,0.0,0.0
IC00008,4191,119,35.21848739495798,87,22.38536131230557,3038.475,0.0,0.0
IC00014,6055,122,49.631147540983605,61,5.404621254414741,3002.8861788617887,0.0,0.0
IC00019,4431,122,36.31967213114754,75,22.750267056262945,2701.829268292683,0.0,0.0
,1555,116,13.405172413793103,142,19.926376859645696,1887.2649572649573,57.0,0.036632390745501286
IC03673,544,14,38.857142857142854,46,7.378316911027911,1668.2666666666667,0.0,0.0
IC00024,855,42,20.357142857142858,65,20.17100240392366,1292.4418604651162,0.0,0.0
IC00901,552,27,20.444444444444443,61,22.407645215474208,1202.5714285714287,0.0,0.0
IC00002,3117,122,25.549180327868854,47,9.014315941022284,1191.0487804878048,0.0,0.0
IC04860,632,33,19.151515151515152,54,15.552574570069602,1003.7647058823529,0.0,0.0
IC02761,967,64,15.109375,55,15.421194637498713,818.2307692307693,0.0,0.0
IC02448,976,61,16.0,49,15.618365258033037,771.3548387096774,0.0,0.0
IC02447,972,61,15.934426229508198,49,15.98214509221568,768.1935483870968,0.0,0.0
IC00367,933,63,14.80952380952381,51,16.131373102023336,743.484375,0.0,0.0
IC00511,869,59,14.728813559322035,50,17.0878364769985,724.1666666666666,0.0,0.0
IC00012,358,34,10.529411764705882,54,14.593969892364838,552.3428571428572,0.0,0.0
IC00004,1145,82,13.963414634146341,35,8.759397242286608,482.8313253012048,3.0,0.002617801047120419
IC04857,517,42,12.30952380952381,31,10.547194969229094,372.72093023255815,0.0,0.0
IC03793,43,3,14.333333333333334,31,15.275252316519467,333.25,0.0,0.0
IC03562,123,15,8.2,43,11.595565654902,330.5625,0.0,0.0
IC00630,33,3,11.0,31,17.320508075688775,255.75,2.0,0.058823529411764705
IC02955,21,1,21.0,21,0.0,220.5,0.0,0.0
IC05938,21,1,21.0,21,0.0,220.5,0.0,0.0
IC05937,21,1,21.0,21,0.0,220.5,0.0,0.0
IC05935,21,1,21.0,21,0.0,220.5,0.0,0.0
IC05934,21,1,21.0,21,0.0,220.5,0.0,0.0
IC01984,345,41,8.414634146341463,23,4.837228595777222,188.92857142857142,0.0,0.0
IC05816,25,2,12.5,22,13.435028842544403,183.33333333333334,0.0,0.0
IC00212,263,53,4.962264150943396,29,6.679366230157976,141.24074074074073,0.0,0.0
IC00028,285,47,6.0638297872340425,22,4.659745539419177,130.625,5.0,0.017482517482517484
IC03016,16,1,16.0,16,0.0,128.0,0.0,0.0
IC00048,364,76,4.7894736842105265,27,5.617391540501537,127.63636363636364,0.0,0.0
IC00009,247,58,4.258620689655173,30,6.117447996832536,125.59322033898304,1.0,0.004032258064516129
IC00100,689,128,5.3828125,22,4.585360295051313,117.50387596899225,0.0,0.0
IC00665,26,4,6.5,22,10.344080432788601,114.4,0.0,0.0
IC00873,15,1,15.0,15,0.0,112.5,0.0,0.0
IC00875,15,1,15.0,15,0.0,112.5,7.0,0.4375
IC02283,49,6,8.166666666666666,16,6.013872850889572,112.0,1.0,0.02
IC00034,275,51,5.392156862745098,21,5.1733100868691375,111.0576923076923,15.0,0.05434782608695652
IC00094,153,33,4.636363636363637,24,5.372488842579048,108.0,0.0,0.0
IC00032,822,121,6.793388429752066,16,3.0493642926898192,107.80327868852459,0.0,0.0
IC00248,18,2,9.0,17,11.313708498984761,102.0,2.0,0.10526315789473684
IC00623,14,1,14.0,14,0.0,98.0,3.0,0.2
IC00093,162,41,3.951219512195122,25,4.868014068961774,96.42857142857143,0.0,0.0
IC00930,181,59,3.0677966101694913,31,4.097368401790142,93.51666666666667,0.0,0.0
IC03887,30,3,10.0,12,1.7320508075688772,90.0,0.0,0.0
IC04105,13,1,13.0,13,0.0,84.5,0.0,0.0
IC04627,13,1,13.0,13,0.0,84.5,0.0,0.0
IC00880,16,2,8.0,15,9.899494936611665,80.0,7.0,0.4117647058823529
IC00007,518,116,4.4655172413793105,18,2.950109900628637,79.6923076923077,0.0,0.0
IC00270,89,25,3.56,23,4.735328218121034,78.73076923076923,0.0,0.0
IC02989,145,25,5.8,14,4.08248290463863,78.07692307692308,0.0,0.0
IC01906,25,4,6.25,15,6.075908711186061,75.0,0.0,0.0
IC00458,143,26,5.5,14,3.8392707640904935,74.14814814814815,0.0,0.0
IC00060,174,39,4.461538461538462,17,3.705232103292755,73.95,3.0,0.017142857142857144
IC00146,79,22,3.590909090909091,21,4.327751983355473,72.1304347826087,2.0,0.025
IC02238,12,1,12.0,12,0.0,72.0,0.0,0.0
IC00153,199,56,3.5535714285714284,20,3.9354779904081556,69.82456140350877,28.0,0.14
IC00015,111,23,4.826086956521739,15,3.8216152452862064,69.375,5.0,0.044642857142857144
IC00029,154,35,4.4,15,3.6957845620939223,64.16666666666667,13.0,0.08387096774193549
IC00877,17,3,5.666666666666667,15,8.082903768654761,63.75,1.0,0.05555555555555555
IC00882,17,3,5.666666666666667,15,8.082903768654761,63.75,2.0,0.1111111111111111
IC00876,17,3,5.666666666666667,15,8.082903768654761,63.75,1.0,0.05555555555555555
IC00878,17,3,5.666666666666667,15,8.082903768654761,63.75,2.0,0.1111111111111111
IC00058,263,53,4.962264150943396,13,2.915227027383996,63.31481481481482,10.0,0.03787878787878788
IC00174,125,36,3.4722222222222223,18,3.5414775859891434,60.810810810810814,14.0,0.1111111111111111
IC01939,14,2,7.0,13,8.48528137423857,60.666666666666664,0.0,0.0
IC00006,147,32,4.59375,13,3.9173672445958214,57.90909090909091,10.0,0.06756756756756757
IC02864,20,4,5.0,14,6.164414002968976,56.0,0.0,0.0
IC00879,16,3,5.333333333333333,14,7.505553499465136,56.0,2.0,0.11764705882352941
IC00128,89,34,2.6176470588235294,22,3.668165307090536,55.94285714285714,7.0,0.07777777777777778
IC00070,208,48,4.333333333333333,13,2.434969817920624,55.183673469387756,13.0,0.06220095693779904
IC00114,199,47,4.23404255319149,13,2.8377330661412814,53.895833333333336,13.0,0.065
IC00148,186,44,4.2272727272727275,13,3.633587735402409,53.733333333333334,17.0,0.09090909090909091
IC00097,304,69,4.405797101449275,12,2.77233624445961,52.114285714285714,8.0,0.02622950819672131
IC00147,94,21,4.476190476190476,12,3.5159500511106185,51.27272727272727,4.0,0.042105263157894736
IC01152,21,4,5.25,12,4.7871355387816905,50.4,0.0,0.0
IC02549,46,11,4.181818181818182,13,4.423079963513701,49.833333333333336,0.0,0.0
IC00051,149,50,2.98,17,4.02284293828661,49.666666666666664,0.0,0.0
IC01956,45,13,3.4615384615384617,15,3.950008114240286,48.214285714285715,0.0,0.0
IC00715,16,3,5.333333333333333,12,5.773502691896257,48.0,0.0,0.0
IC01118,20,4,5.0,12,4.8304589153964805,48.0,0.0,0.0
IC04893,43,9,4.777777777777778,11,4.116363011742823,47.3,0.0,0.0
IC00133,87,23,3.782608695652174,13,3.118223878765405,47.125,4.0,0.045454545454545456
IC01240,15,3,5.0,12,6.082762530298219,45.0,2.0,0.125
IC00389,170,60,2.8333333333333335,16,2.9004188281231165,44.59016393442623,22.0,0.1286549707602339
IC00266,264,65,4.061538461538461,11,2.2141372690404375,44.0,5.0,0.018867924528301886
IC00108,98,28,3.5,13,3.0,43.93103448275862,18.0,0.18181818181818182
IC00003,349,95,3.6736842105263157,12,3.0681691306233003,43.625,0.0,0.0
IC00085,117,45,2.6,17,2.766684921443975,43.23913043478261,7.0,0.059322033898305086
IC00219,114,52,2.1923076923076925,20,3.3899416475888366,43.0188679245283,0.0,0.0
IC00016,172,39,4.410256410256411,10,3.217697351882723,43.0,1.0,0.005780346820809248
IC01492,58,18,3.2222222222222223,14,3.2998316455372216,42.73684210526316,0.0,0.0
IC00124,80,24,3.3333333333333335,13,2.8691260094270894,41.6,17.0,0.20987654320987653
IC00874,22,7,3.142857142857143,15,5.241773600241666,41.25,1.0,0.043478260869565216
IC02981,9,1,9.0,9,0.0,40.5,0.0,0.0
IC05993,9,1,9.0,9,0.0,40.5,0.0,0.0
IC02460,9,1,9.0,9,0.0,40.5,0.0,0.0
IC00720,50,19,2.6315789473684212,16,4.098922979349975,40.0,0.0,0.0
IC04856,31,6,5.166666666666667,9,3.2506409624359724,39.857142857142854,0.0,0.0
IC00759,56,16,3.5,12,3.03315017762062,39.529411764705884,0.0,0.0
IC00122,126,44,2.8636363636363638,14,2.455093510187181,39.2,13.0,0.10236220472440945
IC00184,204,67,3.044776119402985,13,2.21176493230739,39.0,6.0,0.02926829268292683
IC00191,136,42,3.238095238095238,12,2.3972496823420304,37.95348837209303,2.0,0.014598540145985401
IC00141,125,39,3.2051282051282053,12,3.0015740360113092,37.5,7.0,0.05555555555555555
IC00379,83,30,2.7666666666666666,14,3.0702502799623996,37.483870967741936,27.0,0.32142857142857145
IC00131,74,21,3.5238095238095237,11,2.3583690894142846,37.0,2.0,0.02666666666666667
IC01806,23,6,3.8333333333333335,11,3.9707262140150967,36.142857142857146,1.0,0.041666666666666664
IC01904,36,13,2.769230769230769,14,3.585941209637207,36.0,0.0,0.0
IC00936,45,19,2.3684210526315788,16,3.4352830437451987,36.0,7.0,0.15217391304347827
IC00764,119,42,2.8333333333333335,13,3.3343494386254404,35.97674418604651,0.0,0.0
IC02991,96,26,3.6923076923076925,10,2.37939876051461,35.55555555555556,0.0,0.0
IC00364,372,107,3.4766355140186915,10,1.8750889004963451,34.44444444444444,0.0,0.0
IC02383,17,3,5.666666666666667,8,2.516611478423583,34.0,0.0,0.0
IC00017,85,24,3.5416666666666665,10,3.1343700104357235,34.0,4.0,0.046511627906976744
IC00138,144,46,3.130434782608696,11,2.473043070588442,33.702127659574465,5.0,0.034482758620689655
IC01642,18,6,3.0,13,4.898979485566356,33.42857142857143,0.0,0.0
IC01250,58,20,2.9,12,2.9894551519069754,33.142857142857146,0.0,0.0
IC00057,346,105,3.295238095238095,10,1.9948192974061658,32.64150943396226,0.0,0.0
IC00033,105,38,2.763157894736842,12,2.530187585464503,32.30769230769231,6.0,0.05660377358490566
IC02826,8,1,8.0,8,0.0,32.0,0.0,0.0
IC04898,8,1,8.0,8,0.0,32.0,0.0,0.0
IC03644,53,14,3.7857142857142856,9,2.4235565546581275,31.8,1.0,0.018518518518518517
IC00113,78,26,3.0,11,2.3323807579381204,31.77777777777778,9.0,0.11392405063291139
IC00130,89,31,2.870967741935484,11,2.629853424101439,30.59375,6.0,0.06666666666666667
IC00170,46,22,2.090909090909091,15,2.958588642114134,30.0,5.0,0.10638297872340426
IC00088,56,27,2.074074074074074,15,3.4743668590442596,30.0,1.0,0.017543859649122806
IC01630,10,2,5.0,9,5.656854249492381,30.0,0.0,0.0
IC00708,188,69,2.7246376811594204,11,2.099608212549739,29.542857142857144,0.0,0.0
IC00041,187,50,3.74,8,1.6138431757510912,29.333333333333332,11.0,0.05851063829787234
IC01524,18,4,4.5,8,4.041451884327381,28.8,0.0,0.0
IC00119,127,40,3.175,9,2.2519222557969996,27.878048780487806,1.0,0.0078125
IC00086,165,53,3.1132075471698113,9,1.857007283843991,27.5,7.0,0.04216867469879518
IC01274,78,25,3.12,9,2.3860706890897707,27.0,0.0,0.0
IC00187,152,45,3.3777777777777778,8,2.218608172305832,26.434782608695652,7.0,0.0457516339869281
IC00188,96,43,2.2325581395348837,12,2.1251017824624374,26.181818181818183,7.0,0.07216494845360824
IC00046,153,46,3.3260869565217392,8,2.044552087063319,26.04255319148936,3.0,0.01948051948051948
IC01267,26,8,3.25,9,3.3273756282434617,26.0,0.0,0.0
IC00171,127,43,2.953488372093023,9,1.8510420279256996,25.977272727272727,10.0,0.078125
IC00284,124,52,2.3846153846153846,11,1.9916870979722847,25.735849056603772,6.0,0.048
IC01527,34,11,3.090909090909091,9,2.9139164522870407,25.5,0.0,0.0
IC00121,168,65,2.5846153846153848,10,1.935622539490749,25.454545454545453,11.0,0.0650887573964497
IC00116,192,67,2.8656716417910446,9,1.7398669610238637,25.41176470588235,7.0,0.03626943005181347
IC00175,37,18,2.0555555555555554,13,2.7964730354338294,25.31578947368421,2.0,0.05263157894736842
IC00022,92,32,2.875,9,2.090685950097595,25.09090909090909,1.0,0.010752688172043012
IC00031,153,60,2.55,10,2.053727491701246,25.081967213114755,13.0,0.08441558441558442
IC00300,105,41,2.5609756097560976,10,1.7895359801887873,25.0,2.0,0.018867924528301886
IC00236,82,32,2.5625,10,2.3818872972443916,24.848484848484848,5.0,0.060240963855421686
IC01127,7,1,7.0,7,0.0,24.5,7.0,0.875
IC04181,7,1,7.0,7,0.0,24.5,0.0,0.0
IC00134,199,65,3.0615384615384613,8,1.8781383990946583,24.12121212121212,9.0,0.045
IC00348,46,20,2.3,11,2.296450350111301,24.095238095238095,0.0,0.0
IC01458,9,2,4.5,8,4.949747468305833,24.0,0.0,0.0
IC03834,9,2,4.5,8,4.949747468305833,24.0,0.0,0.0
IC01770,9,2,4.5,8,4.949747468305833,24.0,0.0,0.0
IC00050,9,2,4.5,8,4.949747468305833,24.0,0.0,0.0
IC00109,131,49,2.673469387755102,9,2.1349058829961804,23.58,4.0,0.030303030303030304
IC00154,82,31,2.6451612903225805,9,2.45694101267917,23.0625,11.0,0.13253012048192772
IC02990,89,30,2.966666666666667,8,2.0254132542705237,22.967741935483872,0.0,0.0
IC00496,103,44,2.340909090909091,10,1.6697469773254647,22.88888888888889,0.0,0.0
IC00215,123,42,2.9285714285714284,8,1.7445784611099153,22.88372093023256,3.0,0.024193548387096774
IC00069,398,124,3.2096774193548385,7,1.0840618704659637,22.288,0.0,0.0
IC00082,91,32,2.84375,8,1.868402370838476,22.060606060606062,7.0,0.07608695652173914
IC05229,11,2,5.5,6,0.7071067811865476,22.0,0.0,0.0
IC00182,129,46,2.8043478260869565,8,1.8453492920479406,21.95744680851064,4.0,0.03076923076923077
IC01702,19,7,2.7142857142857144,9,3.147183169877773,21.375,2.0,0.1
IC02380,32,11,2.909090909090909,8,2.5081684733903122,21.333333333333332,0.0,0.0
IC00010,104,43,2.4186046511627906,9,1.9546350059907651,21.272727272727273,0.0,0.0
IC00110,46,12,3.8333333333333335,6,1.0298573010888745,21.23076923076923,0.0,0.0
IC01016,19,8,2.375,10,3.113908889391045,21.11111111111111,1.0,0.05
IC03880,14,3,4.666666666666667,6,2.309401076758503,21.0,2.0,0.13333333333333333
IC00160,114,43,2.6511627906976742,8,1.6018400272399917,20.727272727272727,0.0,0.0
IC00149,69,26,2.6538461538461537,8,1.8749358963400895,20.444444444444443,11.0,0.15714285714285714
IC00190,51,24,2.125,10,1.7523276445668041,20.4,0.0,0.0
IC00120,53,20,2.65,8,1.8715318802914815,20.19047619047619,5.0,0.09259259259259259
IC00232,44,19,2.3157894736842106,9,2.0290290940071523,19.8,2.0,0.044444444444444446
IC00117,133,53,2.509433962264151,8,1.422655176197959,19.703703703703702,16.0,0.11940298507462686
IC00142,126,45,2.8,7,1.6180796699117812,19.17391304347826,16.0,0.12598425196850394
IC00075,310,113,2.743362831858407,7,1.5571193702632604,19.035087719298247,0.0,0.0
IC00351,46,16,2.875,7,1.8929694486000912,18.941176470588236,0.0,0.0
IC00833,25,11,2.272727272727273,9,2.5334130768948477,18.75,0.0,0.0
IC03820,8,2,4.0,7,4.242640687119285,18.666666666666668,0.0,0.0
IC00039,99,31,3.193548387096774,6,1.701359355313856,18.5625,1.0,0.01
IC00564,94,40,2.35,8,1.6878145480822084,18.341463414634145,1.0,0.010526315789473684
IC00247,40,23,1.7391304347826086,11,2.0936568987028807,18.333333333333332,0.0,0.0
IC01852,32,13,2.4615384615384617,8,1.983909634004895,18.285714285714285,7.0,0.21212121212121213
IC04712,6,1,6.0,6,0.0,18.0,0.0,0.0
IC04711,6,1,6.0,6,0.0,18.0,0.0,0.0
IC00137,42,13,3.230769230769231,6,2.1273554065179203,18.0,10.0,0.23255813953488372
IC04902,6,1,6.0,6,0.0,18.0,0.0,0.0
IC06183,6,1,6.0,6,0.0,18.0,0.0,0.0
IC02807,18,5,3.6,6,2.4083189157584592,18.0,0.0,0.0
IC01826,6,1,6.0,6,0.0,18.0,3.0,0.42857142857142855
IC04901,6,1,6.0,6,0.0,18.0,0.0,0.0
IC00381,28,10,2.8,7,1.8737959096740262,17.818181818181817,2.0,0.06896551724137931
IC00282,51,22,2.3181818181818183,8,1.6442211540614613,17.73913043478261,6.0,0.11538461538461539
IC00606,70,35,2.0,9,1.552985739111069,17.5,0.0,0.0
IC00760,24,6,4.0,5,0.6324555320336759,17.142857142857142,0.0,0.0
IC04046,17,5,3.4,6,1.6733200530681511,17.0,0.0,0.0
IC00489,43,27,1.5925925925925926,11,1.946580023829945,16.892857142857142,0.0,0.0
IC00080,205,85,2.411764705882353,7,1.3028733597693365,16.686046511627907,0.0,0.0
IC00021,77,36,2.138888888888889,8,1.6928889555647222,16.64864864864865,6.0,0.07692307692307693
IC00092,79,37,2.135135135135135,8,1.5122125468289127,16.63157894736842,0.0,0.0
IC00126,72,25,2.88,6,1.7869900204906948,16.615384615384617,11.0,0.1506849315068493
IC00115,80,33,2.4242424242424243,7,1.6776155517263005,16.470588235294116,5.0,0.06172839506172839
IC00262,260,110,2.3636363636363638,7,1.399392218840663,16.396396396396398,0.0,0.0
IC00178,112,40,2.8,6,1.8425177868535745,16.390243902439025,3.0,0.02654867256637168
IC00385,29,8,3.625,5,0.9161253813129043,16.11111111111111,0.0,0.0
IC00162,126,46,2.739130434782609,6,1.5119491850469882,16.085106382978722,0.0,0.0
IC00200,94,40,2.35,7,1.4420427107014477,16.048780487804876,5.0,0.05263157894736842
IC01312,16,5,3.2,6,2.588435821108957,16.0,0.0,0.0
IC05007,24,8,3.0,6,1.5118578920369088,16.0,0.0,0.0
IC01017,16,6,2.6666666666666665,7,2.422120283277993,16.0,0.0,0.0
IC01667,8,2,4.0,6,2.8284271247461903,16.0,1.0,0.1111111111111111
IC04634,8,2,4.0,6,2.8284271247461903,16.0,0.0,0.0
IC00281,27,11,2.4545454545454546,7,1.916436086262016,15.75,11.0,0.39285714285714285
IC05795,9,3,3.0,7,3.4641016151377544,15.75,2.0,0.2
IC00252,80,35,2.2857142857142856,7,1.6372758682969597,15.555555555555555,10.0,0.12345679012345678
IC03014,153,68,2.25,7,1.2622533747586309,15.521739130434783,0.0,0.0
IC00291,52,26,2.0,8,1.9999999999999998,15.407407407407407,3.0,0.05660377358490566
IC03886,11,4,2.75,7,2.8722813232690148,15.4,0.0,0.0
IC00310,179,69,2.5942028985507246,6,1.3646680331053813,15.342857142857143,6.0,0.03333333333333333
IC00081,107,41,2.6097560975609757,6,1.4979661007594232,15.285714285714286,5.0,0.046296296296296294
IC00506,48,21,2.2857142857142856,7,1.647508942095828,15.272727272727273,3.0,0.061224489795918366
IC00155,87,39,2.230769230769231,7,1.7541160386140582,15.225,8.0,0.09090909090909091
IC00296,78,35,2.2285714285714286,7,1.2853407487262414,15.166666666666666,4.0,0.05063291139240506
IC00186,66,34,1.9411764705882353,8,1.6866890010005566,15.085714285714285,2.0,0.029850746268656716
IC00225,228,105,2.1714285714285713,7,1.2438861472227865,15.056603773584905,0.0,0.0
IC02992,15,6,2.5,7,2.258317958127243,15.0,0.0,0.0
IC00123,28,14,2.0,8,1.8810798862519207,14.933333333333334,7.0,0.2413793103448276
IC00888,81,37,2.189189189189189,7,1.5782873600808538,14.921052631578947,0.0,0.0
IC00288,49,22,2.227272727272727,7,1.9006720160390933,14.91304347826087,6.0,0.12
IC00044,76,35,2.1714285714285713,7,1.6357353857213093,14.777777777777779,5.0,0.06493506493506493
IC00233,86,40,2.15,7,1.7910031568069074,14.682926829268293,9.0,0.10344827586206896
IC01620,25,11,2.272727272727273,7,1.7939291563999447,14.583333333333334,0.0,0.0
IC03786,34,13,2.6153846153846154,6,1.325296290046213,14.571428571428571,0.0,0.0
IC00176,56,26,2.1538461538461537,7,1.5150526774289452,14.518518518518519,14.0,0.24561403508771928
IC00528,62,29,2.1379310344827585,7,1.5053271578685972,14.466666666666667,0.0,0.0
IC00369,12,4,3.0,6,2.449489742783178,14.4,0.0,0.0
IC01512,12,4,3.0,6,2.449489742783178,14.4,0.0,0.0
IC03831,43,17,2.5294117647058822,6,1.4194033543545475,14.333333333333334,0.0,0.0
IC00573,45,21,2.142857142857143,7,2.007130147392398,14.318181818181818,1.0,0.021739130434782608
IC01793,31,12,2.5833333333333335,6,1.5642792899510296,14.307692307692308,0.0,0.0
IC00314,108,52,2.076923076923077,7,1.2656263092837203,14.264150943396226,15.0,0.13761467889908258
IC00220,170,83,2.0481927710843375,7,0.854023682453249,14.166666666666666,0.0,0.0
IC00974,85,41,2.073170731707317,7,1.506490024899585,14.166666666666666,0.0,0.0
IC00078,64,31,2.064516129032258,7,1.5478045499129347,14.0,9.0,0.13846153846153847
IC00842,21,11,1.9090909090909092,8,2.119176512447486,14.0,7.0,0.3181818181818182
IC03248,7,2,3.5,6,3.5355339059327378,14.0,0.0,0.0
IC01064,55,27,2.037037037037037,7,1.3439746300685167,13.75,0.0,0.0
IC00709,79,45,1.7555555555555555,8,1.4167112292456452,13.73913043478261,0.0,0.0
IC00193,59,25,2.36,6,1.4106735979665885,13.615384615384615,13.0,0.21666666666666667
IC01652,34,14,2.4285714285714284,6,1.2838814775327387,13.6,0.0,0.0
IC00145,43,18,2.388888888888889,6,1.500544563459581,13.578947368421053,4.0,0.09090909090909091
IC01268,22,12,1.8333333333333333,8,1.9924098397912438,13.538461538461538,0.0,0.0
IC00662,18,7,2.5714285714285716,6,1.9023794624226835,13.5,15.0,0.7894736842105263
IC00096,234,103,2.2718446601941746,6,1.2695079698201555,13.5,0.0,0.0
IC00640,42,21,2.0,7,1.51657508881031,13.363636363636363,3.0,0.06976744186046512
IC02570,11,4,2.75,6,2.362907813126304,13.2,0.0,0.0
IC00159,81,36,2.25,6,1.3601470508735445,13.135135135135135,16.0,0.1951219512195122
IC02787,26,7,3.7142857142857144,4,0.7559289460184544,13.0,0.0,0.0
IC00107,37,19,1.9473684210526316,7,1.4709665835968129,12.95,2.0,0.05263157894736842
IC00062,48,25,1.92,7,1.4696938456699067,12.923076923076923,0.0,0.0
IC00302,114,52,2.1923076923076925,6,1.188811592098721,12.90566037735849,13.0,0.11304347826086956
IC03855,15,6,2.5,6,2.073644135332772,12.857142857142858,0.0,0.0
IC01901,36,16,2.25,6,1.693123346560039,12.705882352941176,0.0,0.0
IC00863,35,24,1.4583333333333333,9,1.6675722177612804,12.6,0.0,0.0
IC05054,5,1,5.0,5,0.0,12.5,0.0,0.0
IC02559,5,1,5.0,5,0.0,12.5,0.0,0.0
IC05287,5,1,5.0,5,0.0,12.5,0.0,0.0
IC01028,5,1,5.0,5,0.0,12.5,0.0,0.0
IC00265,62,34,1.8235294117647058,7,1.3364491223703547,12.4,7.0,0.1111111111111111
IC00293,64,30,2.1333333333333333,6,1.3321834121764768,12.387096774193548,10.0,0.15384615384615385
IC00185,39,18,2.1666666666666665,6,1.5434872662825796,12.31578947368421,8.0,0.2
IC00294,59,28,2.107142857142857,6,1.2572540835836765,12.206896551724139,9.0,0.15
IC00224,199,97,2.051546391752577,6,1.0544660380636037,12.183673469387756,0.0,0.0
IC00143,73,35,2.085714285714286,6,1.37992814330032,12.166666666666666,8.0,0.10810810810810811
IC00323,150,73,2.0547945205479454,6,1.1772190742841566,12.162162162162161,0.0,0.0
IC01494,8,3,2.6666666666666665,6,2.8867513459481287,12.0,0.0,0.0
IC01338,8,3,2.6666666666666665,6,2.8867513459481287,12.0,0.0,0.0
IC00127,51,25,2.04,6,1.2069244660154448,11.76923076923077,9.0,0.17307692307692307
IC04675,7,2,3.5,5,2.1213203435596424,11.666666666666666,0.0,0.0
IC02736,7,2,3.5,5,2.1213203435596424,11.666666666666666,0.0,0.0
IC00179,68,34,2.0,6,1.1806521053804941,11.657142857142857,3.0,0.043478260869565216
IC00710,93,47,1.9787234042553192,6,1.3268033126757295,11.625,0.0,0.0
IC00339,48,28,1.7142857142857142,7,1.242969647647739,11.586206896551724,0.0,0.0
IC00104,73,37,1.972972972972973,6,1.322591867980916,11.526315789473685,8.0,0.10810810810810811
IC01444,48,24,2.0,6,1.3831281496162493,11.52,8.0,0.16326530612244897
IC00095,41,24,1.7083333333333333,7,1.3981094896064241,11.48,0.0,0.0
IC04234,16,6,2.6666666666666665,5,1.505545305418162,11.428571428571429,0.0,0.0
IC00361,55,28,1.9642857142857142,6,1.2904820476643275,11.379310344827585,0.0,0.0
IC04887,9,3,3.0,5,1.7320508075688772,11.25,0.0,0.0
IC05006,18,7,2.5714285714285716,5,1.3972762620115438,11.25,0.0,0.0
IC00084,101,53,1.9056603773584906,6,1.2749683396279694,11.222222222222221,0.0,0.0
IC00136,56,24,2.3333333333333335,5,1.3405601251996726,11.2,4.0,0.07017543859649122
IC00660,80,42,1.9047619047619047,6,1.3935307641772674,11.162790697674419,3.0,0.037037037037037035
IC00943,13,6,2.1666666666666665,6,1.9407902170679516,11.142857142857142,0.0,0.0
IC00407,46,24,1.9166666666666667,6,1.4116492564331997,11.04,3.0,0.06382978723404255
IC00165,117,52,2.25,5,0.9047803329982322,11.037735849056604,0.0,0.0
IC00915,44,23,1.9130434782608696,6,1.50493260127733,11.0,10.0,0.2222222222222222
IC00241,36,22,1.6363636363636365,7,1.364357673585582,10.956521739130435,5.0,0.13513513513513514
IC04122,24,10,2.4,5,1.837873166945363,10.909090909090908,0.0,0.0
IC03007,14,8,1.75,7,2.1213203435596424,10.88888888888889,0.0,0.0
IC00156,50,22,2.272727272727273,5,1.4203225046854737,10.869565217391305,8.0,0.1568627450980392
IC00125,67,36,1.8611111111111112,6,1.312636992094872,10.864864864864865,5.0,0.07352941176470588
IC00101,47,25,1.88,6,1.3012814197295424,10.846153846153847,6.0,0.125
IC00209,144,79,1.8227848101265822,6,1.1295505535829917,10.8,0.0,0.0
IC00945,41,18,2.2777777777777777,5,1.3636264606493256,10.789473684210526,3.0,0.07142857142857142
IC00206,208,96,2.1666666666666665,5,1.1577352362232838,10.721649484536082,0.0,0.0
IC00256,155,86,1.802325581395349,6,1.1042140397997275,10.689655172413794,0.0,0.0
IC00290,70,32,2.1875,5,1.1482806221027917,10.606060606060606,20.0,0.28169014084507044
IC00340,53,29,1.8275862068965518,6,1.1670771035014103,10.6,0.0,0.0
IC00105,93,43,2.1627906976744184,5,1.2711118597162905,10.568181818181818,4.0,0.0425531914893617
IC00037,49,27,1.8148148148148149,6,1.4945294355141463,10.5,5.0,0.1
IC00652,25,11,2.272727272727273,5,1.7939291563999449,10.416666666666666,0.0,0.0
IC00380,142,81,1.7530864197530864,6,0.9686442096757051,10.390243902439025,0.0,0.0
IC00313,27,12,2.25,5,1.3568010505999362,10.384615384615385,0.0,0.0
IC00167,60,34,1.7647058823529411,6,1.2075224705710639,10.285714285714286,14.0,0.22950819672131148
IC00711,24,13,1.8461538461538463,6,1.6756169931378435,10.285714285714286,4.0,0.16
IC00068,142,82,1.7317073170731707,6,0.9819202714334665,10.265060240963855,0.0,0.0
IC00612,39,18,2.1666666666666665,5,1.5811388300841898,10.263157894736842,3.0,0.075
IC00276,29,16,1.8125,6,1.3768926368215255,10.235294117647058,3.0,0.1
IC00386,45,21,2.142857142857143,5,1.1952286093343938,10.227272727272727,4.0,0.08695652173913043
IC00461,114,66,1.7272727272727273,6,0.9852052428957991,10.208955223880597,0.0,0.0
IC01195,61,29,2.103448275862069,5,1.2633523314184736,10.166666666666666,0.0,0.0
IC00152,54,31,1.7419354838709677,6,1.365472859134248,10.125,7.0,0.12727272727272726
IC00161,83,40,2.075,5,0.9442810316143531,10.121951219512194,0.0,0.0
IC00569,37,21,1.7619047619047619,6,1.1791845447071423,10.090909090909092,20.0,0.5263157894736842
IC02700,6,2,3.0,5,2.8284271247461903,10.0,2.0,0.2857142857142857
IC01192,40,23,1.7391304347826086,6,1.5140971298358223,10.0,0.0,0.0
IC02760,18,8,2.25,5,1.4880476182856899,10.0,0.0,0.0
IC01238,6,2,3.0,5,2.8284271247461903,10.0,0.0,0.0
IC03571,10,3,3.3333333333333335,4,0.5773502691896257,10.0,0.0,0.0
IC01728,12,5,2.4,5,1.949358868961793,10.0,2.0,0.15384615384615385
IC00522,14,6,2.3333333333333335,5,1.7511900715418263,10.0,0.0,0.0
IC00341,48,23,2.0869565217391304,5,1.3788349323798654,10.0,2.0,0.04081632653061224
IC02256,6,2,3.0,5,2.8284271247461903,10.0,4.0,0.5714285714285714
IC03605,12,5,2.4,5,1.51657508881031,10.0,0.0,0.0
IC01006,6,2,3.0,5,2.8284271247461903,10.0,1.0,0.14285714285714285
IC01002,20,11,1.8181818181818181,6,1.5374122295716148,10.0,0.0,0.0
IC00072,28,16,1.75,6,1.3416407864998738,9.882352941176471,5.0,0.1724137931034483
IC00280,36,21,1.7142857142857142,6,1.2305631695633161,9.818181818181818,4.0,0.10810810810810811
IC00192,57,34,1.6764705882352942,6,1.3193338134187067,9.771428571428572,9.0,0.15517241379310345
IC00132,41,20,2.05,5,1.190974832912761,9.761904761904763,9.0,0.21428571428571427
IC00465,37,18,2.0555555555555554,5,0.9983646759294875,9.736842105263158,0.0,0.0
IC00255,76,46,1.6521739130434783,6,1.1778962660296406,9.702127659574469,0.0,0.0
IC00077,42,25,1.68,6,1.1075498483890767,9.692307692307692,1.0,0.023255813953488372
IC00106,62,31,2.0,5,1.2909944487358056,9.6875,9.0,0.14285714285714285
IC00173,85,43,1.9767441860465116,5,1.2245187994244777,9.659090909090908,20.0,0.23255813953488372
IC00168,79,40,1.975,5,1.2907461566960565,9.634146341463415,12.0,0.15
IC00316,61,31,1.967741935483871,5,1.3780147790146506,9.53125,0.0,0.0
IC00099,85,35,2.4285714285714284,4,0.9166984970282115,9.444444444444445,0.0,0.0
IC00036,49,25,1.96,5,1.1357816691600546,9.423076923076923,4.0,0.08
IC01814,32,16,2.0,5,1.2649110640673518,9.411764705882353,4.0,0.12121212121212122
IC00208,190,121,1.5702479338842976,6,1.2303552757976846,9.344262295081966,0.0,0.0
IC01689,7,2,3.5,4,0.7071067811865476,9.333333333333334,0.0,0.0
IC04714,7,2,3.5,4,0.7071067811865476,9.333333333333334,0.0,0.0
IC00223,77,49,1.5714285714285714,6,1.118033988749895,9.24,0.0,0.0
IC00169,48,25,1.92,5,1.1874342087037917,9.23076923076923,8.0,0.16326530612244897
IC00172,33,17,1.9411764705882353,5,1.2485285456935955,9.166666666666666,11.0,0.3235294117647059
IC00052,110,59,1.8644067796610169,5,1.07410952884389,9.166666666666666,0.0,0.0
IC00530,34,14,2.4285714285714284,4,1.1578684470436789,9.066666666666666,1.0,0.02857142857142857
IC01501,27,14,1.9285714285714286,5,0.9972489631508746,9.0,0.0,0.0
IC02216,9,3,3.0,4,1.7320508075688772,9.0,1.0,0.1
IC00286,158,87,1.8160919540229885,5,0.8960992422222294,8.977272727272727,2.0,0.012578616352201259
IC00387,43,23,1.8695652173913044,5,0.9678630550241251,8.958333333333334,11.0,0.25
IC00761,32,17,1.8823529411764706,5,1.2689736473414486,8.88888888888889,2.0,0.06060606060606061
IC02785,11,4,2.75,4,1.5,8.8,0.0,0.0
IC01488,7,3,2.3333333333333335,5,2.3094010767585034,8.75,0.0,0.0
IC03235,7,3,2.3333333333333335,5,2.3094010767585034,8.75,0.0,0.0
IC01021,61,34,1.7941176470588236,5,1.0948754395656126,8.714285714285714,0.0,0.0
IC00670,48,27,1.7777777777777777,5,1.1875421719907087,8.571428571428571,11.0,0.22448979591836735
IC00181,46,26,1.7692307692307692,5,0.9922778767136676,8.518518518518519,7.0,0.14893617021276595
IC00455,87,40,2.175,4,0.5943106327545623,8.487804878048781,0.0,0.0
IC01809,22,12,1.8333333333333333,5,1.2673044646258476,8.461538461538462,0.0,0.0
IC00722,31,21,1.4761904761904763,6,1.1670067531530235,8.454545454545455,0.0,0.0
IC00163,46,21,2.1904761904761907,4,0.9807674351775562,8.363636363636363,0.0,0.0
IC00473,18,10,1.8,5,1.2292725943057181,8.181818181818182,0.0,0.0
IC00484,55,26,2.1153846153846154,4,0.9519211344191525,8.148148148148149,0.0,0.0
IC00111,57,34,1.6764705882352942,5,1.0066622988655227,8.142857142857142,11.0,0.1896551724137931
IC00242,52,31,1.6774193548387097,5,1.1071614388213236,8.125,5.0,0.09433962264150944
IC01190,47,28,1.6785714285714286,5,0.8629652337776966,8.10344827586207,0.0,0.0
IC05927,8,3,2.6666666666666665,4,1.1547005383792515,8.0,0.0,0.0
IC00570,36,26,1.3846153846153846,6,1.061203960675725,8.0,3.0,0.08108108108108109
IC03876,4,1,4.0,4,0.0,8.0,0.0,0.0
IC03627,6,2,3.0,4,1.4142135623730951,8.0,0.0,0.0
IC02184,4,1,4.0,4,0.0,8.0,3.0,0.6
IC02359,4,1,4.0,4,0.0,8.0,1.0,0.2
IC05079,4,1,4.0,4,0.0,8.0,0.0,0.0
IC04239,4,1,4.0,4,0.0,8.0,0.0,0.0
IC02263,4,1,4.0,4,0.0,8.0,1.0,0.2
IC00129,246,122,2.0163934426229506,4,0.18107149208503703,8.0,0.0,0.0
IC02839,6,2,3.0,4,1.4142135623730951,8.0,0.0,0.0
IC00177,50,24,2.0833333333333335,4,1.0598058340078627,8.0,13.0,0.2549019607843137
IC00923,8,3,2.6666666666666665,4,1.1547005383792517,8.0,0.0,0.0
IC02261,6,2,3.0,4,1.4142135623730951,8.0,0.0,0.0
IC00899,6,2,3.0,4,1.4142135623730951,8.0,0.0,0.0
IC00890,16,7,2.2857142857142856,4,0.9511897312113419,8.0,0.0,0.0
IC01538,8,4,2.0,5,2.0,8.0,3.0,0.3333333333333333
IC04716,4,1,4.0,4,0.0,8.0,0.0,0.0
IC05890,6,2,3.0,4,1.4142135623730951,8.0,1.0,0.14285714285714285
IC01265,12,5,2.4,4,0.8944271909999159,8.0,0.0,0.0
IC01247,4,1,4.0,4,0.0,8.0,0.0,0.0
IC01934,4,1,4.0,4,0.0,8.0,0.0,0.0
IC02890,6,2,3.0,4,1.4142135623730951,8.0,0.0,0.0
IC00650,67,41,1.6341463414634145,5,1.0429788483228126,7.976190476190476,1.0,0.014705882352941176
IC00362,51,31,1.6451612903225807,5,1.0503455652553653,7.96875,1.0,0.019230769230769232
IC00025,241,120,2.0083333333333333,4,0.2048091275101884,7.966942148760331,0.0,0.0
IC00054,243,122,1.9918032786885247,4,0.3519931826759127,7.902439024390244,0.0,0.0
IC00312,74,46,1.608695652173913,5,1.1250335475406,7.872340425531915,0.0,0.0
IC00278,33,20,1.65,5,0.9880869341680844,7.857142857142857,5.0,0.14705882352941177
IC04595,22,13,1.6923076923076923,5,1.1821319289469756,7.857142857142857,0.0,0.0
IC00139,49,24,2.0416666666666665,4,1.2328534123049197,7.84,7.0,0.14
IC00258,81,51,1.588235294117647,5,0.9628389395581235,7.788461538461538,0.0,0.0
IC00454,62,31,2.0,4,0.6324555320336759,7.75,0.0,0.0
IC03836,27,13,2.076923076923077,4,0.6405126152203485,7.714285714285714,0.0,0.0
IC00271,52,26,2.0,4,0.8944271909999157,7.703703703703703,0.0,0.0
IC00404,20,12,1.6666666666666667,5,1.3706888336846839,7.6923076923076925,35.0,1.6666666666666667
IC00245,78,50,1.56,5,0.8843307166024093,7.647058823529412,0.0,0.0
IC00306,62,40,1.55,5,0.9594335935919797,7.560975609756097,0.0,0.0
IC00308,39,25,1.56,5,1.1575836902790224,7.5,0.0,0.0
IC00363,78,41,1.9024390243902438,4,0.8308091853362146,7.428571428571429,0.0,0.0
IC00408,68,54,1.2592592592592593,6,0.8941146181471069,7.418181818181818,0.0,0.0
IC00144,34,22,1.5454545454545454,5,1.1009637651263606,7.391304347826087,0.0,0.0
IC01162,46,24,1.9166666666666667,4,0.9286112429750729,7.36,0.0,0.0
IC00568,44,17,2.588235294117647,3,0.5072996561958922,7.333333333333333,0.0,0.0
IC02784,11,5,2.2,4,1.0954451150103321,7.333333333333333,0.0,0.0
IC00366,73,39,1.8717948717948718,4,0.9227957286502331,7.3,0.0,0.0
IC00766,31,16,1.9375,4,1.2365947867699696,7.294117647058823,3.0,0.09375
IC00231,51,34,1.5,5,0.9293203772845852,7.285714285714286,7.0,0.1346153846153846
IC00274,55,37,1.4864864864864864,5,0.8699176724016799,7.2368421052631575,0.0,0.0
IC02357,26,17,1.5294117647058822,5,1.2307338795828044,7.222222222222222,2.0,0.07407407407407407
IC00026,117,80,1.4625,5,0.8410925685444852,7.222222222222222,0.0,0.0
IC00922,9,4,2.25,4,1.2583057392117916,7.2,0.0,0.0
IC00610,36,19,1.894736842105263,4,1.1496249070460265,7.2,1.0,0.02702702702702703
IC00373,36,24,1.5,5,1.0215078369104984,7.2,8.0,0.21621621621621623
IC01576,36,29,1.2413793103448276,6,0.950758058971633,7.2,0.0,0.0
IC00456,36,19,1.894736842105263,4,0.9941348467724346,7.2,3.0,0.08108108108108109
IC00056,33,22,1.5,5,1.0118347314702751,7.173913043478261,4.0,0.11764705882352941
IC00523,34,18,1.8888888888888888,4,0.9633818428657448,7.157894736842105,0.0,0.0
IC02552,10,6,1.6666666666666667,5,1.632993161855452,7.142857142857143,4.0,0.36363636363636365
IC00240,40,27,1.4814814814814814,5,1.014144974098885,7.142857142857143,2.0,0.04878048780487805
IC00273,32,17,1.8823529411764706,4,1.0537049480984033,7.111111111111111,12.0,0.36363636363636365
IC00605,55,30,1.8333333333333333,4,0.59209349991676,7.096774193548387,0.0,0.0
IC00083,65,45,1.4444444444444444,5,0.8408749651825217,7.065217391304348,1.0,0.015151515151515152
IC01738,37,20,1.85,4,1.089422831256605,7.0476190476190474,0.0,0.0
IC03633,7,3,2.3333333333333335,4,1.5275252316519465,7.0,0.0,0.0
IC04966,7,3,2.3333333333333335,4,1.5275252316519465,7.0,0.0,0.0
IC00632,66,37,1.7837837837837838,4,0.8210811008506859,6.947368421052632,3.0,0.04477611940298507
IC00388,33,18,1.8333333333333333,4,1.0431851677040116,6.947368421052632,3.0,0.08823529411764706
IC00557,19,10,1.9,4,1.1972189997378648,6.909090909090909,3.0,0.15
IC00968,66,47,1.4042553191489362,5,0.8762463041684784,6.875,0.0,0.0
IC01840,24,13,1.8461538461538463,4,0.8006407690254357,6.857142857142857,1.0,0.04
IC00992,60,34,1.7647058823529411,4,0.923065496524185,6.857142857142857,0.0,0.0
IC00257,56,40,1.4,5,0.8412444993533733,6.829268292682927,0.0,0.0
IC00527,29,16,1.8125,4,1.0468205831628137,6.823529411764706,3.0,0.1
IC02968,22,12,1.8333333333333333,4,1.0298573010888745,6.769230769230769,3.0,0.13043478260869565
IC00365,49,28,1.75,4,0.8871510790372952,6.758620689655173,0.0,0.0
IC03879,9,3,3.0,3,0.0,6.75,0.0,0.0
IC01191,32,18,1.7777777777777777,4,1.1659661762602749,6.7368421052631575,5.0,0.15151515151515152
IC00765,37,21,1.7619047619047619,4,0.9952267030562386,6.7272727272727275,7.0,0.18421052631578946
IC00277,20,14,1.4285714285714286,5,1.0894095588038442,6.666666666666667,1.0,0.047619047619047616
IC04661,5,2,2.5,4,2.1213203435596424,6.666666666666667,0.0,0.0
IC02872,10,5,2.0,4,1.4142135623730951,6.666666666666667,0.0,0.0
IC04630,5,2,2.5,4,2.1213203435596424,6.666666666666667,0.0,0.0
IC00505,28,20,1.4,5,0.9947229183096798,6.666666666666667,9.0,0.3103448275862069
IC05972,5,2,2.5,4,2.1213203435596424,6.666666666666667,0.0,0.0
IC01883,5,2,2.5,4,2.1213203435596424,6.666666666666667,0.0,0.0
IC01884,5,2,2.5,4,2.1213203435596424,6.666666666666667,0.0,0.0
IC00946,10,5,2.0,4,1.4142135623730951,6.666666666666667,0.0,0.0
IC03029,5,2,2.5,4,2.1213203435596424,6.666666666666667,3.0,0.5
IC01846,20,11,1.8181818181818181,4,1.2504544628399563,6.666666666666667,3.0,0.14285714285714285
IC00769,45,26,1.7307692307692308,4,1.0791734729020093,6.666666666666667,4.0,0.08695652173913043
IC05224,5,2,2.5,4,2.1213203435596424,6.666666666666667,1.0,0.16666666666666666
IC01621,5,2,2.5,4,2.1213203435596424,6.666666666666667,0.0,0.0
IC03070,5,2,2.5,4,2.1213203435596424,6.666666666666667,3.0,0.5
IC01242,15,8,1.875,4,1.3562026818605375,6.666666666666667,4.0,0.25
IC00214,48,28,1.7142857142857142,4,1.0131411680782823,6.620689655172414,1.0,0.02040816326530612
IC01795,33,19,1.736842105263158,4,0.8056815791722831,6.6,0.0,0.0
IC00635,21,15,1.4,5,1.121223821162776,6.5625,6.0,0.2727272727272727
IC00491,62,37,1.6756756756756757,4,0.8836180061433677,6.526315789473684,0.0,0.0
IC00486,39,17,2.2941176470588234,3,0.469668218313862,6.5,0.0,0.0
IC00283,52,31,1.6774193548387097,4,0.9447079539622655,6.5,8.0,0.1509433962264151
IC01706,13,7,1.8571428571428572,4,1.2149857925879117,6.5,6.0,0.42857142857142855
IC03848,13,7,1.8571428571428572,4,1.2149857925879117,6.5,0.0,0.0
IC00713,13,7,1.8571428571428572,4,1.0690449676496976,6.5,9.0,0.6428571428571429
IC00091,34,20,1.7,4,0.9233805168766387,6.476190476190476,6.0,0.17142857142857143
IC00706,44,33,1.3333333333333333,5,0.7772815877574012,6.470588235294118,0.0,0.0
IC00734,29,17,1.7058823529411764,4,0.985184366143778,6.444444444444445,11.0,0.36666666666666664
IC00378,18,13,1.3846153846153846,5,1.12089707663561,6.428571428571429,3.0,0.15789473684210525
IC00076,53,32,1.65625,4,0.9370294518041508,6.424242424242424,1.0,0.018518518518518517
IC00151,40,24,1.6666666666666667,4,0.9168313422570847,6.4,7.0,0.17073170731707318
IC00758,8,4,2.0,4,1.4142135623730951,6.4,0.0,0.0
IC00103,16,9,1.7777777777777777,4,0.97182531580755,6.4,5.0,0.29411764705882354
IC00158,46,28,1.6428571428571428,4,0.9114207758701961,6.344827586206897,7.0,0.14893617021276595
IC00042,130,81,1.6049382716049383,4,0.8467439451463326,6.341463414634147,0.0,0.0
IC01258,19,11,1.7272727272727273,4,1.009049958219026,6.333333333333333,0.0,0.0
IC00548,24,18,1.3333333333333333,5,0.9701425001453319,6.315789473684211,4.0,0.16
IC00210,185,87,2.1264367816091956,3,0.5867648334675253,6.306818181818182,0.0,0.0
IC01722,22,13,1.6923076923076923,4,1.031553471276484,6.285714285714286,1.0,0.043478260869565216
IC01700,11,6,1.8333333333333333,4,1.3291601358251257,6.285714285714286,4.0,0.3333333333333333
IC00421,17,10,1.7,4,1.0593499054713802,6.181818181818182,2.0,0.1111111111111111
IC00636,43,27,1.5925925925925926,4,0.9306432539361504,6.142857142857143,5.0,0.11363636363636363
IC00030,86,69,1.2463768115942029,5,0.6040499857931819,6.142857142857143,0.0,0.0
IC00671,38,24,1.5833333333333333,4,0.9286112429750728,6.08,10.0,0.2564102564102564
IC00466,47,30,1.5666666666666667,4,0.8172001541568765,6.064516129032258,0.0,0.0
IC00140,53,34,1.5588235294117647,4,0.8595691828094179,6.057142857142857,9.0,0.16666666666666666
IC05032,6,2,3.0,3,0.0,6.0,0.0,0.0
IC00554,12,7,1.7142857142857142,4,1.1126972805283735,6.0,0.0,0.0
IC04707,6,3,2.0,4,1.7320508075688772,6.0,0.0,0.0
IC02231,21,13,1.6153846153846154,4,0.8697184926229041,6.0,1.0,0.045454545454545456
IC00194,60,39,1.5384615384615385,4,0.719874033065356,6.0,0.0,0.0
IC03402,6,3,2.0,4,1.7320508075688772,6.0,0.0,0.0
IC04989,6,2,3.0,3,0.0,6.0,0.0,0.0
IC00307,67,44,1.5227272727272727,4,0.9273276524793457,5.955555555555556,0.0,0.0
IC00995,58,38,1.5263157894736843,4,0.7618200860621478,5.948717948717949,0.0,0.0
IC00566,41,20,2.05,3,0.5104177855340404,5.857142857142857,0.0,0.0
IC00446,16,10,1.6,4,1.07496769977314,5.818181818181818,2.0,0.11764705882352941
IC01506,45,30,1.5,4,0.7768193328323317,5.806451612903226,0.0,0.0
IC00328,55,37,1.4864864864864864,4,0.7681732162019773,5.7894736842105265,1.0,0.017857142857142856
IC00453,13,8,1.625,4,1.0606601717798212,5.777777777777778,6.0,0.42857142857142855
IC00073,13,8,1.625,4,1.0606601717798212,5.777777777777778,0.0,0.0
IC00836,13,8,1.625,4,1.0606601717798212,5.777777777777778,0.0,0.0
IC00221,53,36,1.4722222222222223,4,0.7362496126066839,5.72972972972973,7.0,0.12962962962962962
IC01765,10,6,1.6666666666666667,4,1.2110601416389966,5.714285714285714,3.0,0.2727272727272727
IC01815,10,6,1.6666666666666667,4,1.2110601416389968,5.714285714285714,0.0,0.0
IC00825,19,9,2.111111111111111,3,0.3333333333333333,5.7,0.0,0.0
IC00483,38,19,2.0,3,0.3333333333333333,5.7,0.0,0.0
IC00213,27,18,1.5,4,0.8574929257125441,5.684210526315789,0.0,0.0
IC00023,88,61,1.4426229508196722,4,0.7421722658056871,5.67741935483871,0.0,0.0
IC00474,34,17,2.0,3,0.3535533905932738,5.666666666666667,0.0,0.0
IC00412,14,9,1.5555555555555556,4,1.0137937550497031,5.6,0.0,0.0
IC02489,7,4,1.75,4,1.5,5.6,0.0,0.0
IC00430,42,29,1.4482758620689655,4,0.78313504110775,5.6,10.0,0.23255813953488372
IC00157,32,22,1.4545454545454546,4,0.8004327833694973,5.565217391304348,0.0,0.0
IC00043,93,66,1.4090909090909092,4,0.7840186953672182,5.552238805970149,0.0,0.0
IC00226,18,12,1.5,4,1.0,5.538461538461538,0.0,0.0
IC00201,11,7,1.5714285714285714,4,1.1338934190276817,5.5,0.0,0.0
IC00565,22,15,1.4666666666666666,4,0.9154754164341269,5.5,4.0,0.17391304347826086
IC00087,102,74,1.3783783783783783,4,0.6964234010274958,5.44,0.0,0.0
IC00374,39,28,1.3928571428571428,4,0.7373267889143819,5.379310344827586,12.0,0.3
IC01260,12,8,1.5,4,1.0690449676496976,5.333333333333333,0.0,0.0
IC00463,32,17,1.8823529411764706,3,0.48507125007266594,5.333333333333333,0.0,0.0
IC02303,8,5,1.6,4,1.3416407864998738,5.333333333333333,0.0,0.0
IC00969,24,17,1.411764705882353,4,0.8702602720890289,5.333333333333333,3.0,0.12
IC03047,8,5,1.6,4,1.3416407864998738,5.333333333333333,0.0,0.0
IC03165,7,3,2.3333333333333335,3,1.1547005383792515,5.25,0.0,0.0
IC03262,7,3,2.3333333333333335,3,1.1547005383792515,5.25,0.0,0.0
IC01967,21,11,1.9090909090909092,3,0.7006490497453707,5.25,0.0,0.0
IC03191,7,3,2.3333333333333335,3,1.1547005383792515,5.25,0.0,0.0
IC01007,7,3,2.3333333333333335,3,0.5773502691896258,5.25,0.0,0.0
IC00264,30,22,1.3636363636363635,4,0.7267314002700915,5.217391304347826,2.0,0.06451612903225806
IC00846,13,9,1.4444444444444444,4,1.0137937550497031,5.2,1.0,0.07142857142857142
IC00150,38,21,1.8095238095238095,3,0.749603069567329,5.181818181818182,6.0,0.15384615384615385
IC00229,67,38,1.763157894736842,3,0.8198289381992815,5.153846153846154,0.0,0.0
IC03616,18,13,1.3846153846153846,4,0.9607689228305228,5.142857142857143,0.0,0.0
IC00237,23,17,1.3529411764705883,4,0.7859052479933758,5.111111111111111,0.0,0.0
IC00287,14,10,1.4,4,0.9660917830792958,5.090909090909091,0.0,0.0
IC00996,71,41,1.7317073170731707,3,0.7753834613887002,5.071428571428571,0.0,0.0
IC01775,19,14,1.3571428571428572,4,0.8418973861410953,5.066666666666666,0.0,0.0
IC01125,20,15,1.3333333333333333,4,0.816496580927726,5.0,0.0,0.0
IC04883,5,2,2.5,3,0.7071067811865476,5.0,1.0,0.16666666666666666
IC02063,10,5,2.0,3,1.0,5.0,2.0,0.18181818181818182
IC00648,25,14,1.7857142857142858,3,0.8017837257372732,5.0,3.0,0.11538461538461539
IC01593,25,19,1.3157894736842106,4,0.7492686492653551,5.0,0.0,0.0
IC01691,5,2,2.5,3,0.7071067811865476,5.0,0.0,0.0
IC00716,26,20,1.3,4,0.7326950970650465,4.9523809523809526,5.0,0.18518518518518517
IC00327,47,37,1.2702702702702702,4,0.6931669932133818,4.947368421052632,0.0,0.0
IC00211,61,36,1.6944444444444444,3,0.7099072150416942,4.945945945945946,0.0,0.0
IC00848,16,12,1.3333333333333333,4,0.8876253645985945,4.923076923076923,0.0,0.0
IC00234,31,18,1.7222222222222223,3,0.8264420947336314,4.894736842105263,4.0,0.125
IC00718,22,17,1.2941176470588236,4,0.7717436331412897,4.888888888888889,0.0,0.0
IC00847,11,8,1.375,4,1.0606601717798212,4.888888888888889,0.0,0.0
IC00510,12,9,1.3333333333333333,4,1.0,4.8,0.0,0.0
IC01925,24,14,1.7142857142857142,3,0.825420305855557,4.8,3.0,0.12
IC02020,16,9,1.7777777777777777,3,0.8333333333333335,4.8,0.0,0.0
IC00495,35,21,1.6666666666666667,3,0.5773502691896258,4.7727272727272725,0.0,0.0
IC00694,13,10,1.3,4,0.9486832980505138,4.7272727272727275,0.0,0.0
IC00488,20,16,1.25,4,0.7745966692414834,4.705882352941177,0.0,0.0
IC00383,28,23,1.2173913043478262,4,0.6712621584563621,4.666666666666667,0.0,0.0
IC00230,14,8,1.75,3,0.8864052604279183,4.666666666666667,0.0,0.0
IC00579,14,8,1.75,3,0.8864052604279182,4.666666666666667,0.0,0.0
IC00405,17,10,1.7,3,0.8232726023485646,4.636363636363637,3.0,0.16666666666666666
IC00556,20,12,1.6666666666666667,3,0.8876253645985945,4.615384615384615,3.0,0.14285714285714285
IC00382,31,26,1.1923076923076923,4,0.6336706254344299,4.592592592592593,0.0,0.0
IC00993,55,35,1.5714285714285714,3,0.814779446364774,4.583333333333333,0.0,0.0
IC00401,29,18,1.6111111111111112,3,0.6978023391872253,4.578947368421052,0.0,0.0
IC03550,17,14,1.2142857142857142,4,0.8017837257372732,4.533333333333333,4.0,0.2222222222222222
IC01042,9,5,1.8,3,0.8366600265340756,4.5,1.0,0.1
IC01264,3,1,3.0,3,0.0,4.5,0.0,0.0
IC01275,18,11,1.6363636363636365,3,0.674199862463242,4.5,1.0,0.05263157894736842
IC06042,3,1,3.0,3,0.0,4.5,0.0,0.0
IC00135,18,11,1.6363636363636365,3,0.6741998624632421,4.5,3.0,0.15789473684210525
IC04142,3,1,3.0,3,0.0,4.5,8.0,2.0
IC05225,3,1,3.0,3,0.0,4.5,0.0,0.0
IC00428,18,11,1.6363636363636365,3,0.8090398349558905,4.5,3.0,0.15789473684210525
IC00071,45,29,1.5517241379310345,3,0.78313504110775,4.5,0.0,0.0
IC05849,3,1,3.0,3,0.0,4.5,0.0,0.0
IC04049,3,1,3.0,3,0.0,4.5,4.0,1.0
IC02502,6,3,2.0,3,1.0,4.5,0.0,0.0
IC01176,12,7,1.7142857142857142,3,0.7559289460184545,4.5,1.0,0.07692307692307693
IC00678,3,1,3.0,3,0.0,4.5,2.0,0.5
IC02342,3,1,3.0,3,0.0,4.5,0.0,0.0
IC01464,3,1,3.0,3,0.0,4.5,0.0,0.0
IC05806,3,1,3.0,3,0.0,4.5,0.0,0.0
IC03246,6,3,2.0,3,1.0,4.5,0.0,0.0
IC03623,3,1,3.0,3,0.0,4.5,0.0,0.0
IC04612,3,1,3.0,3,0.0,4.5,0.0,0.0
IC03622,3,1,3.0,3,0.0,4.5,0.0,0.0
IC05052,3,1,3.0,3,0.0,4.5,0.0,0.0
IC04855,6,3,2.0,3,1.0,4.5,0.0,0.0
IC00911,3,1,3.0,3,0.0,4.5,1.0,0.25
IC05082,6,3,2.0,3,1.0,4.5,0.0,0.0
IC01283,12,7,1.7142857142857142,3,0.9511897312113419,4.5,9.0,0.6923076923076923
IC00398,3,1,3.0,3,0.0,4.5,1.0,0.25
IC04950,3,1,3.0,3,0.0,4.5,0.0,0.0
IC03203,3,1,3.0,3,0.0,4.5,0.0,0.0
IC02777,3,1,3.0,3,0.0,4.5,2.0,0.5
IC01858,3,1,3.0,3,0.0,4.5,0.0,0.0
IC00844,3,1,3.0,3,0.0,4.5,1.0,0.25
IC05911,3,1,3.0,3,0.0,4.5,0.0,0.0
IC03214,6,3,2.0,3,1.0,4.5,0.0,0.0
IC01854,3,1,3.0,3,0.0,4.5,0.0,0.0
IC01860,3,1,3.0,3,0.0,4.5,0.0,0.0
IC05150,3,1,3.0,3,0.0,4.5,0.0,0.0
IC00619,3,1,3.0,3,0.0,4.5,1.0,0.25
IC04491,3,1,3.0,3,0.0,4.5,0.0,0.0
IC00620,3,1,3.0,3,0.0,4.5,2.0,0.5
IC01861,3,1,3.0,3,0.0,4.5,0.0,0.0
IC01855,3,1,3.0,3,0.0,4.5,1.0,0.25
IC01523,3,1,3.0,3,0.0,4.5,0.0,0.0
IC06031,3,1,3.0,3,0.0,4.5,0.0,0.0
IC00329,9,5,1.8,3,0.8366600265340756,4.5,10.0,1.0
IC04706,3,1,3.0,3,0.0,4.5,0.0,0.0
IC01255,6,3,2.0,3,1.0,4.5,0.0,0.0
IC00827,3,1,3.0,3,0.0,4.5,1.0,0.25
IC06066,3,1,3.0,3,0.0,4.5,0.0,0.0
IC06185,3,1,3.0,3,0.0,4.5,0.0,0.0
IC01856,3,1,3.0,3,0.0,4.5,0.0,0.0
IC00469,30,19,1.5789473684210527,3,0.901590537370498,4.5,1.0,0.03225806451612903
IC02580,3,1,3.0,3,0.0,4.5,0.0,0.0
IC02189,3,1,3.0,3,0.0,4.5,0.0,0.0
IC03030,3,1,3.0,3,0.0,4.5,0.0,0.0
IC00250,20,17,1.1764705882352942,4,0.7276068751089989,4.444444444444445,0.0,0.0
IC01024,19,12,1.5833333333333333,3,0.7929614610987591,4.384615384615385,1.0,0.05
IC00912,19,12,1.5833333333333333,3,0.7929614610987591,4.384615384615385,6.0,0.3
IC02985,16,10,1.6,3,0.6992058987801011,4.363636363636363,0.0,0.0
IC00253,26,17,1.5294117647058822,3,0.7174300539794394,4.333333333333333,4.0,0.14814814814814814
IC00402,36,24,1.5,3,0.7223151185146152,4.32,2.0,0.05405405405405406
IC00467,23,15,1.5333333333333334,3,0.833809387832792,4.3125,8.0,0.3333333333333333
IC04695,10,6,1.6666666666666667,3,0.816496580927726,4.285714285714286,0.0,0.0
IC00651,10,6,1.6666666666666667,3,1.0327955589886446,4.285714285714286,5.0,0.45454545454545453
IC01947,10,6,1.6666666666666667,3,0.816496580927726,4.285714285714286,1.0,0.09090909090909091
IC00298,20,13,1.5384615384615385,3,0.7762500258061849,4.285714285714286,6.0,0.2857142857142857
IC01705,27,18,1.5,3,0.7859052479933758,4.2631578947368425,7.0,0.25
IC02995,17,11,1.5454545454545454,3,0.6875516509523286,4.25,0.0,0.0
IC01701,17,11,1.5454545454545454,3,0.8201995322647244,4.25,6.0,0.3333333333333333
IC00739,41,28,1.4642857142857142,3,0.6929348671835831,4.241379310344827,3.0,0.07142857142857142
IC01749,24,16,1.5,3,0.7302967433402214,4.235294117647059,4.0,0.16
IC03269,7,4,1.75,3,0.9574271077563381,4.2,0.0,0.0
IC00743,14,9,1.5555555555555556,3,0.7264831572567788,4.2,0.0,0.0
IC02709,7,4,1.75,3,0.9574271077563381,4.2,0.0,0.0
IC00822,7,4,1.75,3,0.9574271077563381,4.2,3.0,0.375
IC00712,28,19,1.4736842105263157,3,0.696692268479466,4.2,3.0,0.10344827586206896
IC00235,21,14,1.5,3,0.7595545253127499,4.2,1.0,0.045454545454545456
IC03236,7,4,1.75,3,0.9574271077563382,4.2,0.0,0.0
IC00657,28,19,1.4736842105263157,3,0.696692268479466,4.2,0.0,0.0
IC00644,14,9,1.5555555555555556,3,0.8819171036881969,4.2,3.0,0.2
IC00762,46,32,1.4375,3,0.7156093726283553,4.181818181818182,1.0,0.02127659574468085
IC00001,32,22,1.4545454545454546,3,0.7385489458759964,4.173913043478261,5.0,0.15151515151515152
IC00436,57,40,1.425,3,0.6751068291531577,4.170731707317073,0.0,0.0
IC00939,25,17,1.4705882352941178,3,0.6242642728467978,4.166666666666667,2.0,0.07692307692307693
IC00239,25,17,1.4705882352941178,3,0.7174300539794393,4.166666666666667,1.0,0.038461538461538464
IC00049,43,30,1.4333333333333333,3,0.7279320417946061,4.161290322580645,0.0,0.0
IC00736,18,12,1.5,3,0.7977240352174656,4.153846153846154,2.0,0.10526315789473684
IC00377,18,12,1.5,3,0.9045340337332909,4.153846153846154,4.0,0.21052631578947367
IC01087,18,12,1.5,3,0.7977240352174656,4.153846153846154,0.0,0.0
IC00559,69,49,1.4081632653061225,3,0.6428571428571428,4.14,0.0,0.0
IC00478,11,7,1.5714285714285714,3,0.7867957924694432,4.125,0.0,0.0
IC00203,119,86,1.3837209302325582,3,0.5773897582816448,4.103448275862069,0.0,0.0
IC01161,15,10,1.5,3,0.7071067811865476,4.090909090909091,2.0,0.125
IC04652,15,10,1.5,3,0.7071067811865476,4.090909090909091,0.0,0.0
IC00464,38,27,1.4074074074074074,3,0.5723943812052383,4.071428571428571,0.0,0.0
IC00558,23,16,1.4375,3,0.6291528696058958,4.0588235294117645,0.0,0.0
IC01612,4,2,2.0,3,1.4142135623730951,4.0,0.0,0.0
IC02179,4,2,2.0,3,1.4142135623730951,4.0,0.0,0.0
IC02900,4,2,2.0,3,1.4142135623730951,4.0,0.0,0.0
IC00926,4,2,2.0,3,1.4142135623730951,4.0,0.0,0.0
IC03884,4,2,2.0,3,1.4142135623730951,4.0,0.0,0.0
IC01345,4,2,2.0,3,1.4142135623730951,4.0,2.0,0.4
IC04545,4,2,2.0,3,1.4142135623730951,4.0,1.0,0.2
IC05271,4,2,2.0,3,1.4142135623730951,4.0,0.0,0.0
IC01865,4,2,2.0,3,1.4142135623730951,4.0,0.0,0.0
IC01698,16,11,1.4545454545454546,3,0.8201995322647244,4.0,2.0,0.11764705882352941
IC01864,4,2,2.0,3,1.4142135623730951,4.0,0.0,0.0
IC02008,8,5,1.6,3,0.8944271909999159,4.0,0.0,0.0
IC02574,4,2,2.0,3,1.4142135623730951,4.0,0.0,0.0
IC01863,4,2,2.0,3,1.4142135623730951,4.0,0.0,0.0
IC04552,4,2,2.0,3,1.4142135623730951,4.0,0.0,0.0
IC02195,4,2,2.0,3,1.4142135623730951,4.0,0.0,0.0
IC01859,4,2,2.0,3,1.4142135623730951,4.0,0.0,0.0
IC01688,4,2,2.0,3,1.4142135623730951,4.0,0.0,0.0
IC01513,8,5,1.6,3,0.8944271909999159,4.0,0.0,0.0
IC01857,4,2,2.0,3,1.4142135623730951,4.0,0.0,0.0
IC02051,4,2,2.0,3,1.4142135623730951,4.0,0.0,0.0
IC05116,4,2,2.0,3,1.4142135623730951,4.0,0.0,0.0
IC01853,4,2,2.0,3,1.4142135623730951,4.0,0.0,0.0
IC00520,8,5,1.6,3,0.8944271909999159,4.0,0.0,0.0
IC01850,4,2,2.0,3,1.4142135623730951,4.0,0.0,0.0
IC04991,4,2,2.0,3,1.4142135623730951,4.0,0.0,0.0
IC03066,4,2,2.0,3,1.4142135623730951,4.0,0.0,0.0
IC03285,4,2,2.0,3,1.4142135623730951,4.0,0.0,0.0
IC02438,4,2,2.0,3,1.4142135623730951,4.0,0.0,0.0
IC00658,24,17,1.411764705882353,3,0.7952062255644572,4.0,3.0,0.12
IC01748,4,2,2.0,3,1.4142135623730951,4.0,1.0,0.2
IC00892,4,2,2.0,3,1.4142135623730951,4.0,0.0,0.0
IC03293,4,2,2.0,3,1.4142135623730951,4.0,1.0,0.2
IC03702,4,2,2.0,3,1.4142135623730951,4.0,0.0,0.0
IC01976,4,2,2.0,3,1.4142135623730951,4.0,1.0,0.2
IC03168,4,2,2.0,3,1.4142135623730951,4.0,0.0,0.0
IC04631,4,2,2.0,3,1.4142135623730951,4.0,0.0,0.0
IC04632,4,2,2.0,3,1.4142135623730951,4.0,0.0,0.0
IC03851,4,2,2.0,3,1.4142135623730951,4.0,0.0,0.0
IC04633,4,2,2.0,3,1.4142135623730951,4.0,0.0,0.0
IC05860,8,5,1.6,3,0.8944271909999159,4.0,0.0,0.0
IC02349,4,2,2.0,3,1.4142135623730951,4.0,1.0,0.2
IC01690,4,2,2.0,3,1.4142135623730951,4.0,0.0,0.0
IC01583,8,5,1.6,3,0.8944271909999159,4.0,6.0,0.6666666666666666
IC05273,4,2,2.0,3,1.4142135623730951,4.0,0.0,0.0
IC03321,4,2,2.0,3,1.4142135623730951,4.0,0.0,0.0
IC00477,25,18,1.3888888888888888,3,0.6978023391872251,3.9473684210526314,0.0,0.0
IC01413,25,18,1.3888888888888888,3,0.6076849889141857,3.9473684210526314,3.0,0.11538461538461539
IC00994,17,12,1.4166666666666667,3,0.6685579234215215,3.923076923076923,0.0,0.0
IC00394,17,12,1.4166666666666667,3,0.6685579234215214,3.923076923076923,1.0,0.05555555555555555
IC00642,17,12,1.4166666666666667,3,0.6685579234215215,3.923076923076923,5.0,0.2777777777777778
IC01704,30,22,1.3636363636363635,3,0.5810872031479765,3.9130434782608696,5.0,0.16129032258064516
IC01517,13,9,1.4444444444444444,3,0.726483157256779,3.9,0.0,0.0
IC00289,39,29,1.3448275862068966,3,0.5526470114022356,3.9,9.0,0.225
IC00649,22,16,1.375,3,0.6191391873668904,3.8823529411764706,19.0,0.8260869565217391
IC01508,9,6,1.5,3,0.8366600265340756,3.857142857142857,4.0,0.4
IC00480,9,6,1.5,3,0.8366600265340756,3.857142857142857,0.0,0.0
IC01454,9,6,1.5,3,0.8366600265340756,3.857142857142857,0.0,0.0
IC00837,32,24,1.3333333333333333,3,0.637022057270606,3.84,2.0,0.06060606060606061
IC00112,14,10,1.4,3,0.6992058987801011,3.8181818181818183,1.0,0.06666666666666667
IC00450,14,10,1.4,3,0.699205898780101,3.8181818181818183,1.0,0.06666666666666667
IC01468,14,10,1.4,3,0.6992058987801011,3.8181818181818183,4.0,0.26666666666666666
IC00451,19,14,1.3571428571428572,3,0.6333236937766509,3.8,10.0,0.5
IC00475,36,18,2.0,2,0.0,3.789473684210526,0.0,0.0
IC00053,68,35,1.9428571428571428,2,0.23550410797680274,3.7777777777777777,0.0,0.0
IC00481,34,17,2.0,2,0.0,3.7777777777777777,0.0,0.0
IC00492,34,17,2.0,2,0.0,3.7777777777777777,0.0,0.0
IC01776,5,3,1.6666666666666667,3,1.1547005383792517,3.75,0.0,0.0
IC02755,5,3,1.6666666666666667,3,1.1547005383792517,3.75,0.0,0.0
IC00925,5,3,1.6666666666666667,3,1.1547005383792517,3.75,0.0,0.0
IC00513,10,7,1.4285714285714286,3,0.7867957924694432,3.75,0.0,0.0
IC01862,5,3,1.6666666666666667,3,1.1547005383792517,3.75,0.0,0.0
IC01088,5,3,1.6666666666666667,3,1.1547005383792517,3.75,1.0,0.16666666666666666
IC03123,5,3,1.6666666666666667,3,1.1547005383792517,3.75,0.0,0.0
IC00637,5,3,1.6666666666666667,3,1.1547005383792517,3.75,1.0,0.16666666666666666
IC05074,5,3,1.6666666666666667,3,1.1547005383792517,3.75,0.0,0.0
IC02982,5,3,1.6666666666666667,3,1.1547005383792517,3.75,0.0,0.0
IC03274,5,3,1.6666666666666667,3,1.1547005383792517,3.75,0.0,0.0
IC03171,5,3,1.6666666666666667,3,1.1547005383792517,3.75,0.0,0.0
IC00572,20,15,1.3333333333333333,3,0.6172133998483676,3.75,7.0,0.3333333333333333
IC01516,20,15,1.3333333333333333,3,0.6172133998483676,3.75,0.0,0.0
IC00011,55,43,1.2790697674418605,3,0.5488334553243616,3.75,0.0,0.0
IC01333,5,3,1.6666666666666667,3,1.1547005383792517,3.75,1.0,0.16666666666666666
IC01711,15,11,1.3636363636363635,3,0.6741998624632421,3.75,0.0,0.0
IC02190,5,3,1.6666666666666667,3,1.1547005383792517,3.75,5.0,0.8333333333333334
IC03167,5,3,1.6666666666666667,3,1.1547005383792517,3.75,0.0,0.0
IC00040,20,15,1.3333333333333333,3,0.723746864455746,3.75,1.0,0.047619047619047616
IC00584,5,3,1.6666666666666667,3,1.1547005383792517,3.75,1.0,0.16666666666666666
IC05766,5,3,1.6666666666666667,3,1.1547005383792517,3.75,0.0,0.0
IC00243,106,84,1.2619047619047619,3,0.5403936008433784,3.7411764705882353,0.0,0.0
IC01266,21,16,1.3125,3,0.704154339142587,3.7058823529411766,1.0,0.045454545454545456
IC00047,150,121,1.2396694214876034,3,0.500413052528105,3.6885245901639343,0.0,0.0
IC00498,35,18,1.9444444444444444,2,0.2357022603955158,3.6842105263157894,0.0,0.0
IC00585,35,18,1.9444444444444444,2,0.2357022603955158,3.6842105263157894,0.0,0.0
IC01518,11,8,1.375,3,0.7440238091428449,3.6666666666666665,0.0,0.0
IC01100,22,17,1.2941176470588236,3,0.6859943405700353,3.6666666666666665,0.0,0.0
IC00357,11,8,1.375,3,0.7440238091428449,3.6666666666666665,0.0,0.0
IC01214,39,31,1.2580645161290323,3,0.5143113152870138,3.65625,0.0,0.0
IC00311,28,22,1.2727272727272727,3,0.6310850959010188,3.652173913043478,3.0,0.10344827586206896
IC00661,34,27,1.2592592592592593,3,0.5256931389634797,3.642857142857143,0.0,0.0
IC00098,29,23,1.2608695652173914,3,0.619192384874173,3.625,5.0,0.16666666666666666
IC00603,53,43,1.2325581395348837,3,0.47994093398119514,3.6136363636363638,0.0,0.0
IC00725,6,4,1.5,3,1.0,3.6,965.0,137.85714285714286
IC00903,6,4,1.5,3,1.0,3.6,0.0,0.0
IC00079,42,34,1.2352941176470589,3,0.4959730887990137,3.6,0.0,0.0
IC00066,6,4,1.5,3,1.0,3.6,0.0,0.0
IC02744,6,4,1.5,3,1.0,3.6,0.0,0.0
IC01032,6,4,1.5,3,1.0,3.6,0.0,0.0
IC00332,6,4,1.5,3,1.0,3.6,0.0,0.0
IC02163,6,4,1.5,3,1.0,3.6,0.0,0.0
IC00599,36,19,1.894736842105263,2,0.3153017676423058,3.6,0.0,0.0
IC00910,6,4,1.5,3,1.0,3.6,3.0,0.42857142857142855
IC00729,24,19,1.263157894736842,3,0.5619514869490163,3.6,0.0,0.0
IC00563,34,18,1.8888888888888888,2,0.32338083338177737,3.5789473684210527,0.0,0.0
IC00275,26,21,1.2380952380952381,3,0.5389584311207966,3.5454545454545454,0.0,0.0
IC02646,74,41,1.8048780487804879,2,0.40121765882884247,3.5238095238095237,0.0,0.0
IC03892,7,5,1.4,3,0.8944271909999159,3.5,0.0,0.0
IC02711,7,5,1.4,3,0.8944271909999159,3.5,0.0,0.0
IC02712,7,5,1.4,3,0.8944271909999159,3.5,0.0,0.0
IC00459,21,17,1.2352941176470589,3,0.562295714538387,3.5,5.0,0.22727272727272727
IC01130,35,29,1.206896551724138,3,0.559292304411029,3.5,0.0,0.0
IC02356,7,5,1.4,3,0.8944271909999159,3.5,3.0,0.375
IC03021,7,5,1.4,3,0.8944271909999159,3.5,4.0,0.5
IC00471,33,18,1.8333333333333333,2,0.38348249442368515,3.473684210526316,0.0,0.0
IC00544,8,6,1.3333333333333333,3,0.816496580927726,3.4285714285714284,0.0,0.0
IC00344,8,6,1.3333333333333333,3,0.816496580927726,3.4285714285714284,0.0,0.0
IC01614,8,6,1.3333333333333333,3,0.816496580927726,3.4285714285714284,0.0,0.0
IC01651,8,6,1.3333333333333333,3,0.816496580927726,3.4285714285714284,2.0,0.2222222222222222
IC00723,8,6,1.3333333333333333,3,0.816496580927726,3.4285714285714284,7.0,0.7777777777777778
IC00571,29,16,1.8125,2,0.40311288741492746,3.411764705882353,0.0,0.0
IC01582,17,14,1.2142857142857142,3,0.5789342235218394,3.4,3.0,0.16666666666666666
IC00324,17,14,1.2142857142857142,3,0.5789342235218394,3.4,0.0,0.0
IC00647,9,7,1.2857142857142858,3,0.7559289460184545,3.375,0.0,0.0
IC01018,18,15,1.2,3,0.560611910581388,3.375,0.0,0.0
IC00267,18,15,1.2,3,0.560611910581388,3.375,10.0,0.5263157894736842
IC00227,64,56,1.1428571428571428,3,0.4012965998347868,3.3684210526315788,0.0,0.0
IC00218,19,16,1.1875,3,0.5439056290693572,3.3529411764705883,0.0,0.0
IC02740,10,5,2.0,2,0.0,3.3333333333333335,2.0,0.18181818181818182
IC00395,10,8,1.25,3,0.7071067811865476,3.3333333333333335,2.0,0.18181818181818182
IC00005,12,10,1.2,3,0.6324555320336759,3.272727272727273,0.0,0.0
IC01721,12,10,1.2,3,0.6324555320336759,3.272727272727273,0.0,0.0
IC02490,13,7,1.8571428571428572,2,0.3779644730092272,3.25,2.0,0.14285714285714285
IC00065,29,17,1.7058823529411764,2,0.46966821831386213,3.2222222222222223,0.0,0.0
IC01287,8,4,2.0,2,0.0,3.2,2.0,0.2222222222222222
IC00989,8,4,2.0,2,0.0,3.2,2.0,0.2222222222222222
IC00917,69,64,1.078125,3,0.32389923477173316,3.1846153846153844,0.0,0.0
IC00468,18,16,1.125,3,0.49999999999999994,3.176470588235294,10.0,0.5263157894736842
IC05104,11,6,1.8333333333333333,2,0.408248290463863,3.142857142857143,0.0,0.0
IC00396,47,30,1.5666666666666667,2,0.5040069329937309,3.032258064516129,0.0,0.0
IC00916,6,3,2.0,2,0.0,3.0,0.0,0.0
IC01194,6,3,2.0,2,0.0,3.0,1.0,0.14285714285714285
IC00482,9,5,1.8,2,0.4472135954999579,3.0,0.0,0.0
IC01794,28,18,1.5555555555555556,2,0.5113099925649135,2.9473684210526314,0.0,0.0
IC00441,13,8,1.625,2,0.5175491695067657,2.888888888888889,0.0,0.0
IC00494,10,6,1.6666666666666667,2,0.5163977794943223,2.857142857142857,0.0,0.0
IC01490,27,18,1.5,2,0.5144957554275266,2.8421052631578947,2.0,0.07142857142857142
IC00553,7,4,1.75,2,0.5,2.8,1.0,0.125
IC01988,11,7,1.5714285714285714,2,0.5345224838248488,2.75,0.0,0.0
IC00400,11,7,1.5714285714285714,2,0.5345224838248488,2.75,0.0,0.0
IC00500,26,18,1.4444444444444444,2,0.5113099925649137,2.736842105263158,0.0,0.0
IC04036,4,2,2.0,2,0.0,2.6666666666666665,0.0,0.0
IC03995,4,2,2.0,2,0.0,2.6666666666666665,0.0,0.0
IC01239,8,5,1.6,2,0.5477225575051661,2.6666666666666665,1.0,0.1111111111111111
IC00180,12,8,1.5,2,0.5345224838248488,2.6666666666666665,1.0,0.07692307692307693
IC04733,4,2,2.0,2,0.0,2.6666666666666665,0.0,0.0
IC02468,4,2,2.0,2,0.0,2.6666666666666665,0.0,0.0
IC00269,4,2,2.0,2,0.0,2.6666666666666665,0.0,0.0
IC01910,4,2,2.0,2,0.0,2.6666666666666665,0.0,0.0
IC00487,24,17,1.411764705882353,2,0.5072996561958923,2.6666666666666665,0.0,0.0
IC03732,4,2,2.0,2,0.0,2.6666666666666665,0.0,0.0
IC00983,4,2,2.0,2,0.0,2.6666666666666665,0.0,0.0
IC00748,4,2,2.0,2,0.0,2.6666666666666665,0.0,0.0
IC04741,4,2,2.0,2,0.0,2.6666666666666665,0.0,0.0
IC03615,4,2,2.0,2,0.0,2.6666666666666665,0.0,0.0
IC05075,4,2,2.0,2,0.0,2.6666666666666665,0.0,0.0
IC01658,4,2,2.0,2,0.0,2.6666666666666665,0.0,0.0
IC05033,4,2,2.0,2,0.0,2.6666666666666665,0.0,0.0
IC00578,4,2,2.0,2,0.0,2.6666666666666665,0.0,0.0
IC04990,4,2,2.0,2,0.0,2.6666666666666665,0.0,0.0
IC01105,12,8,1.5,2,0.5345224838248488,2.6666666666666665,0.0,0.0
IC03996,4,2,2.0,2,0.0,2.6666666666666665,0.0,0.0
IC02167,8,5,1.6,2,0.5477225575051662,2.6666666666666665,2.0,0.2222222222222222
IC00942,4,2,2.0,2,0.0,2.6666666666666665,0.0,0.0
IC03042,4,2,2.0,2,0.0,2.6666666666666665,0.0,0.0
IC00411,71,54,1.3148148148148149,2,0.46880313581901156,2.581818181818182,0.0,0.0
IC05151,9,6,1.5,2,0.5477225575051661,2.5714285714285716,0.0,0.0
IC00971,9,6,1.5,2,0.5477225575051662,2.5714285714285716,1.0,0.1
IC00027,9,6,1.5,2,0.5477225575051662,2.5714285714285716,0.0,0.0
IC00295,9,6,1.5,2,0.5477225575051661,2.5714285714285716,0.0,0.0
IC00444,9,6,1.5,2,0.5477225575051661,2.5714285714285716,3.0,0.3
IC00438,23,17,1.3529411764705883,2,0.49259218307188896,2.5555555555555554,0.0,0.0
IC00410,19,14,1.3571428571428572,2,0.4972451580988469,2.533333333333333,0.0,0.0
IC01321,5,3,1.6666666666666667,2,0.5773502691896258,2.5,0.0,0.0
IC01323,5,3,1.6666666666666667,2,0.5773502691896258,2.5,0.0,0.0
IC01027,5,3,1.6666666666666667,2,0.5773502691896257,2.5,43.0,7.166666666666667
IC01272,5,3,1.6666666666666667,2,0.5773502691896258,2.5,0.0,0.0
IC02345,5,3,1.6666666666666667,2,0.5773502691896257,2.5,0.0,0.0
IC03215,5,3,1.6666666666666667,2,0.5773502691896257,2.5,2.0,0.3333333333333333
IC03173,5,3,1.6666666666666667,2,0.5773502691896257,2.5,0.0,0.0
IC01198,5,3,1.6666666666666667,2,0.5773502691896258,2.5,3.0,0.5
IC04740,5,3,1.6666666666666667,2,0.5773502691896257,2.5,0.0,0.0
IC04188,5,3,1.6666666666666667,2,0.5773502691896258,2.5,0.0,0.0
IC03862,5,3,1.6666666666666667,2,0.5773502691896257,2.5,1.0,0.16666666666666666
IC01917,5,3,1.6666666666666667,2,0.5773502691896257,2.5,0.0,0.0
IC01120,10,7,1.4285714285714286,2,0.5345224838248488,2.5,0.0,0.0
IC01813,5,3,1.6666666666666667,2,0.5773502691896258,2.5,0.0,0.0
IC00390,16,12,1.3333333333333333,2,0.49236596391733095,2.4615384615384617,2.0,0.11764705882352941
IC00479,11,8,1.375,2,0.5175491695067657,2.4444444444444446,0.0,0.0
IC00244,11,8,1.375,2,0.5175491695067657,2.4444444444444446,0.0,0.0
IC01085,6,4,1.5,2,0.5773502691896257,2.4,0.0,0.0
IC01828,6,4,1.5,2,0.5773502691896257,2.4,0.0,0.0
IC01768,6,4,1.5,2,0.5773502691896257,2.4,1.0,0.14285714285714285
IC02066,6,4,1.5,2,0.5773502691896257,2.4,5.0,0.7142857142857143
IC02164,6,4,1.5,2,0.5773502691896257,2.4,0.0,0.0
IC04092,6,4,1.5,2,0.5773502691896257,2.4,0.0,0.0
IC01269,6,4,1.5,2,0.5773502691896257,2.4,0.0,0.0
IC00516,6,4,1.5,2,0.5773502691896257,2.4,0.0,0.0
IC00577,12,9,1.3333333333333333,2,0.5,2.4,2.0,0.15384615384615385
IC01602,12,9,1.3333333333333333,2,0.5,2.4,0.0,0.0
IC00449,24,19,1.263157894736842,2,0.4524139283588641,2.4,2.0,0.08
IC00502,6,4,1.5,2,0.5773502691896257,2.4,1.0,0.14285714285714285
IC03570,6,4,1.5,2,0.5773502691896257,2.4,0.0,0.0
IC00975,12,9,1.3333333333333333,2,0.5,2.4,0.0,0.0
IC00183,18,14,1.2857142857142858,2,0.4688072309384954,2.4,1.0,0.05263157894736842
IC00403,12,9,1.3333333333333333,2,0.5,2.4,6.0,0.46153846153846156
IC00515,6,4,1.5,2,0.5773502691896257,2.4,1.0,0.14285714285714285
IC00432,25,20,1.25,2,0.4442616583193192,2.380952380952381,4.0,0.15384615384615385
IC00202,13,10,1.3,2,0.48304589153964794,2.3636363636363638,0.0,0.0
IC00305,13,10,1.3,2,0.4830458915396479,2.3636363636363638,0.0,0.0
IC00575,13,10,1.3,2,0.48304589153964794,2.3636363636363638,0.0,0.0
IC00427,13,10,1.3,2,0.48304589153964794,2.3636363636363638,0.0,0.0
IC01831,7,5,1.4,2,0.5477225575051662,2.3333333333333335,0.0,0.0
IC01876,7,5,1.4,2,0.5477225575051662,2.3333333333333335,0.0,0.0
IC00574,7,5,1.4,2,0.5477225575051662,2.3333333333333335,0.0,0.0
IC02613,7,5,1.4,2,0.5477225575051661,2.3333333333333335,1.0,0.125
IC00512,7,5,1.4,2,0.5477225575051662,2.3333333333333335,0.0,0.0
IC00326,28,23,1.2173913043478262,2,0.42174116783665,2.3333333333333335,0.0,0.0
IC01761,7,5,1.4,2,0.5477225575051662,2.3333333333333335,2.0,0.25
IC01286,7,5,1.4,2,0.5477225575051661,2.3333333333333335,0.0,0.0
IC01189,14,11,1.2727272727272727,2,0.46709936649691375,2.3333333333333335,0.0,0.0
IC00823,7,5,1.4,2,0.5477225575051662,2.3333333333333335,3.0,0.375
IC04620,7,5,1.4,2,0.5477225575051661,2.3333333333333335,0.0,0.0
IC00675,44,37,1.1891891891891893,2,0.3970612769556579,2.3157894736842106,8.0,0.17777777777777778
IC00437,15,12,1.25,2,0.45226701686664544,2.3076923076923075,0.0,0.0
IC01451,8,6,1.3333333333333333,2,0.5163977794943222,2.2857142857142856,7.0,0.7777777777777778
IC01604,8,6,1.3333333333333333,2,0.5163977794943222,2.2857142857142856,0.0,0.0
IC00704,8,6,1.3333333333333333,2,0.5163977794943223,2.2857142857142856,9.0,1.0
IC01812,8,6,1.3333333333333333,2,0.5163977794943223,2.2857142857142856,0.0,0.0
IC00560,8,6,1.3333333333333333,2,0.5163977794943223,2.2857142857142856,0.0,0.0
IC00297,8,6,1.3333333333333333,2,0.5163977794943222,2.2857142857142856,0.0,0.0
IC00894,8,6,1.3333333333333333,2,0.5163977794943222,2.2857142857142856,1.0,0.1111111111111111
IC00519,8,6,1.3333333333333333,2,0.5163977794943223,2.2857142857142856,0.0,0.0
IC00518,8,6,1.3333333333333333,2,0.5163977794943223,2.2857142857142856,0.0,0.0
IC00517,8,6,1.3333333333333333,2,0.5163977794943223,2.2857142857142856,1.0,0.1111111111111111
IC01020,17,14,1.2142857142857142,2,0.42581531362632014,2.2666666666666666,0.0,0.0
IC00089,17,14,1.2142857142857142,2,0.42581531362632014,2.2666666666666666,0.0,0.0
IC00320,26,22,1.1818181818181819,2,0.3947710169758614,2.260869565217391,8.0,0.2962962962962963
IC01720,18,15,1.2,2,0.4140393356054125,2.25,0.0,0.0
IC01493,9,7,1.2857142857142858,2,0.4879500364742666,2.25,0.0,0.0
IC00013,9,7,1.2857142857142858,2,0.48795003647426666,2.25,2.0,0.2
IC03632,18,15,1.2,2,0.4140393356054125,2.25,0.0,0.0
IC00663,27,23,1.173913043478261,2,0.38755338788158983,2.25,130.0,4.642857142857143
IC01329,9,7,1.2857142857142858,2,0.48795003647426655,2.25,0.0,0.0
IC00452,9,7,1.2857142857142858,2,0.48795003647426655,2.25,5.0,0.5
IC00717,9,7,1.2857142857142858,2,0.4879500364742666,2.25,0.0,0.0
IC00550,9,7,1.2857142857142858,2,0.4879500364742666,2.25,1.0,0.1
IC00521,18,15,1.2,2,0.4140393356054125,2.25,0.0,0.0
IC00322,27,23,1.173913043478261,2,0.38755338788158983,2.25,0.0,0.0
IC00356,28,24,1.1666666666666667,2,0.38069349381344053,2.24,0.0,0.0
IC00216,47,41,1.146341463414634,2,0.35783904271027345,2.238095238095238,0.0,0.0
IC00442,10,8,1.25,2,0.4629100498862757,2.2222222222222223,0.0,0.0
IC00592,10,8,1.25,2,0.4629100498862757,2.2222222222222223,0.0,0.0
IC01588,10,8,1.25,2,0.4629100498862757,2.2222222222222223,0.0,0.0
IC00038,10,8,1.25,2,0.46291004988627565,2.2222222222222223,0.0,0.0
IC03799,10,8,1.25,2,0.46291004988627577,2.2222222222222223,0.0,0.0
IC00360,30,26,1.1538461538461537,2,0.36794648440311994,2.2222222222222223,3.0,0.0967741935483871
IC04245,51,45,1.1333333333333333,2,0.34377582547616437,2.217391304347826,0.0,0.0
IC00659,21,18,1.1666666666666667,2,0.3834824944236852,2.210526315789474,0.0,0.0
IC00419,11,9,1.2222222222222223,2,0.44095855184409843,2.2,5.0,0.4166666666666667
IC00980,11,9,1.2222222222222223,2,0.4409585518440984,2.2,1.0,0.08333333333333333
IC00676,11,9,1.2222222222222223,2,0.4409585518440984,2.2,0.0,0.0
IC00370,11,9,1.2222222222222223,2,0.4409585518440984,2.2,0.0,0.0
IC01131,23,20,1.15,2,0.36634754853252327,2.1904761904761907,0.0,0.0
IC00900,13,11,1.1818181818181819,2,0.40451991747794525,2.1666666666666665,0.0,0.0
IC01792,13,11,1.1818181818181819,2,0.40451991747794525,2.1666666666666665,0.0,0.0
IC01022,14,12,1.1666666666666667,2,0.38924947208076144,2.1538461538461537,0.0,0.0
IC01117,15,13,1.1538461538461537,2,0.3755338080994054,2.142857142857143,0.0,0.0
IC00309,17,15,1.1333333333333333,2,0.3518657752744984,2.125,0.0,0.0
IC00434,35,32,1.09375,2,0.29614458108029906,2.121212121212121,0.0,0.0
IC00728,36,33,1.0909090909090908,2,0.2919371040605711,2.1176470588235294,0.0,0.0
IC00189,18,16,1.125,2,0.34156502553198664,2.1176470588235294,0.0,0.0
IC00457,19,17,1.1176470588235294,2,0.33210558207753577,2.111111111111111,0.0,0.0
IC00826,21,19,1.105263157894737,2,0.3153017676423058,2.1,0.0,0.0
IC01217,22,20,1.1,2,0.3077935056255463,2.0952380952380953,0.0,0.0
IC01257,28,26,1.0769230769230769,2,0.271746488194703,2.074074074074074,0.0,0.0
IC00045,30,28,1.0714285714285714,2,0.26226526415648105,2.0689655172413794,0.0,0.0
IC00476,46,44,1.0454545454545454,2,0.21070705494148542,2.0444444444444443,0.0,0.0
IC04204,5,4,1.25,2,0.5,2.0,0.0,0.0
IC04205,2,1,2.0,2,0.0,2.0,0.0,0.0
IC04156,2,1,2.0,2,0.0,2.0,0.0,0.0
IC01560,3,2,1.5,2,0.7071067811865476,2.0,0.0,0.0
IC04203,2,1,2.0,2,0.0,2.0,0.0,0.0
IC04157,3,2,1.5,2,0.7071067811865476,2.0,0.0,0.0
IC04202,5,4,1.25,2,0.5,2.0,0.0,0.0
IC04187,3,2,1.5,2,0.7071067811865476,2.0,0.0,0.0
IC01559,3,2,1.5,2,0.7071067811865476,2.0,0.0,0.0
IC06171,2,1,2.0,2,0.0,2.0,0.0,0.0
IC03950,2,1,2.0,2,0.0,2.0,0.0,0.0
IC04208,5,4,1.25,2,0.5,2.0,0.0,0.0
IC04209,2,1,2.0,2,0.0,2.0,4.0,1.3333333333333333
IC04155,2,1,2.0,2,0.0,2.0,0.0,0.0
IC01542,3,2,1.5,2,0.7071067811865476,2.0,0.0,0.0
IC00334,14,13,1.0769230769230769,2,0.2773500981126146,2.0,0.0,0.0
IC04236,2,1,2.0,2,0.0,2.0,0.0,0.0
IC04237,2,1,2.0,2,0.0,2.0,0.0,0.0
IC04238,2,1,2.0,2,0.0,2.0,0.0,0.0
IC00336,4,3,1.3333333333333333,2,0.5773502691896257,2.0,0.0,0.0
IC04240,2,1,2.0,2,0.0,2.0,0.0,0.0
IC04295,2,1,2.0,2,0.0,2.0,1.0,0.3333333333333333
IC02950,4,3,1.3333333333333333,2,0.5773502691896257,2.0,2.0,0.4
IC01509,4,3,1.3333333333333333,2,0.5773502691896257,2.0,0.0,0.0
IC01507,3,2,1.5,2,0.7071067811865476,2.0,0.0,0.0
IC01693,6,5,1.2,2,0.4472135954999579,2.0,2.0,0.2857142857142857
IC01609,4,3,1.3333333333333333,2,0.5773502691896258,2.0,0.0,0.0
IC01574,3,2,1.5,2,0.7071067811865476,2.0,0.0,0.0
IC02427,7,6,1.1666666666666667,2,0.408248290463863,2.0,1.0,0.125
IC03959,2,1,2.0,2,0.0,2.0,0.0,0.0
IC03975,2,1,2.0,2,0.0,2.0,0.0,0.0
IC03910,3,2,1.5,2,0.7071067811865476,2.0,0.0,0.0
IC02996,36,35,1.0285714285714285,2,0.1690308509457033,2.0,0.0,0.0
IC01669,7,6,1.1666666666666667,2,0.408248290463863,2.0,21.0,2.625
IC03994,3,2,1.5,2,0.7071067811865476,2.0,0.0,0.0
IC01661,2,1,2.0,2,0.0,2.0,1.0,0.3333333333333333
IC01660,6,5,1.2,2,0.4472135954999579,2.0,0.0,0.0
IC01682,2,1,2.0,2,0.0,2.0,0.0,0.0
IC01653,7,6,1.1666666666666667,2,0.408248290463863,2.0,4.0,0.5
IC04037,4,3,1.3333333333333333,2,0.5773502691896258,2.0,0.0,0.0
IC06182,2,1,2.0,2,0.0,2.0,1.0,0.3333333333333333
IC01640,2,1,2.0,2,0.0,2.0,1.0,0.3333333333333333
IC02988,2,1,2.0,2,0.0,2.0,1.0,0.3333333333333333
IC01683,4,3,1.3333333333333333,2,0.5773502691896257,2.0,0.0,0.0
IC04082,3,2,1.5,2,0.7071067811865476,2.0,0.0,0.0
IC01624,3,2,1.5,2,0.7071067811865476,2.0,1.0,0.25
IC04083,3,2,1.5,2,0.7071067811865476,2.0,0.0,0.0
IC03898,3,2,1.5,2,0.7071067811865476,2.0,0.0,0.0
IC01619,2,1,2.0,2,0.0,2.0,7.0,2.3333333333333335
IC01617,2,1,2.0,2,0.0,2.0,1.0,0.3333333333333333
IC02998,4,3,1.3333333333333333,2,0.5773502691896258,2.0,0.0,0.0
IC01589,3,2,1.5,2,0.7071067811865476,2.0,0.0,0.0
IC04120,2,1,2.0,2,0.0,2.0,0.0,0.0
IC00303,8,7,1.1428571428571428,2,0.37796447300922725,2.0,0.0,0.0
IC00317,113,112,1.0089285714285714,2,0.0944911182523068,2.0,0.0,0.0
IC05913,2,1,2.0,2,0.0,2.0,0.0,0.0
IC03888,3,2,1.5,2,0.7071067811865476,2.0,0.0,0.0
IC02107,2,1,2.0,2,0.0,2.0,0.0,0.0
IC03150,2,1,2.0,2,0.0,2.0,0.0,0.0
IC03323,2,1,2.0,2,0.0,2.0,1.0,0.3333333333333333
IC02281,12,11,1.0909090909090908,2,0.30151134457776363,2.0,0.0,0.0
IC02100,4,3,1.3333333333333333,2,0.5773502691896257,2.0,2.0,0.4
IC03318,5,4,1.25,2,0.5,2.0,0.0,0.0
IC02102,4,3,1.3333333333333333,2,0.5773502691896257,2.0,0.0,0.0
IC03157,3,2,1.5,2,0.7071067811865476,2.0,0.0,0.0
IC03158,3,2,1.5,2,0.7071067811865476,2.0,0.0,0.0
IC02108,3,2,1.5,2,0.7071067811865476,2.0,0.0,0.0
IC03387,3,2,1.5,2,0.7071067811865476,2.0,0.0,0.0
IC03304,4,3,1.3333333333333333,2,0.5773502691896257,2.0,0.0,0.0
IC03300,3,2,1.5,2,0.7071067811865476,2.0,0.0,0.0
IC03297,2,1,2.0,2,0.0,2.0,0.0,0.0
IC03294,5,4,1.25,2,0.5,2.0,0.0,0.0
IC02123,3,2,1.5,2,0.7071067811865476,2.0,0.0,0.0
IC03172,3,2,1.5,2,0.7071067811865476,2.0,0.0,0.0
IC03277,5,4,1.25,2,0.5,2.0,0.0,0.0
IC03276,3,2,1.5,2,0.7071067811865476,2.0,0.0,0.0
IC03331,2,1,2.0,2,0.0,2.0,0.0,0.0
IC02093,5,4,1.25,2,0.5,2.0,0.0,0.0
IC03146,4,3,1.3333333333333333,2,0.5773502691896258,2.0,0.0,0.0
IC02091,3,2,1.5,2,0.7071067811865476,2.0,0.0,0.0
IC02065,6,5,1.2,2,0.4472135954999579,2.0,1.0,0.14285714285714285
IC03127,2,1,2.0,2,0.0,2.0,0.0,0.0
IC03131,2,1,2.0,2,0.0,2.0,0.0,0.0
IC03371,4,3,1.3333333333333333,2,0.5773502691896257,2.0,0.0,0.0
IC02071,4,3,1.3333333333333333,2,0.5773502691896257,2.0,2.0,0.4
IC02072,2,1,2.0,2,0.0,2.0,0.0,0.0
IC03360,4,3,1.3333333333333333,2,0.5773502691896257,2.0,0.0,0.0
IC03359,4,3,1.3333333333333333,2,0.5773502691896257,2.0,0.0,0.0
IC03358,3,2,1.5,2,0.7071067811865476,2.0,0.0,0.0
IC02082,6,5,1.2,2,0.4472135954999579,2.0,1.0,0.14285714285714285
IC03139,4,3,1.3333333333333333,2,0.5773502691896258,2.0,0.0,0.0
IC02084,2,1,2.0,2,0.0,2.0,0.0,0.0
IC02085,2,1,2.0,2,0.0,2.0,0.0,0.0
IC03140,12,11,1.0909090909090908,2,0.30151134457776363,2.0,0.0,0.0
IC03144,3,2,1.5,2,0.7071067811865476,2.0,0.0,0.0
IC02089,11,10,1.1,2,0.31622776601683794,2.0,0.0,0.0
IC02090,6,5,1.2,2,0.4472135954999579,2.0,0.0,0.0
IC03273,3,2,1.5,2,0.7071067811865476,2.0,0.0,0.0
IC03272,4,3,1.3333333333333333,2,0.5773502691896258,2.0,0.0,0.0
IC03271,6,5,1.2,2,0.4472135954999579,2.0,0.0,0.0
IC02188,4,3,1.3333333333333333,2,0.5773502691896258,2.0,1.0,0.2
IC03182,3,2,1.5,2,0.7071067811865476,2.0,0.0,0.0
IC03220,3,2,1.5,2,0.7071067811865476,2.0,1.0,0.25
IC03184,3,2,1.5,2,0.7071067811865476,2.0,0.0,0.0
IC03185,3,2,1.5,2,0.7071067811865476,2.0,0.0,0.0
IC02204,2,1,2.0,2,0.0,2.0,2.0,0.6666666666666666
IC02205,2,1,2.0,2,0.0,2.0,0.0,0.0
IC03213,4,3,1.3333333333333333,2,0.5773502691896258,2.0,0.0,0.0
IC03211,4,3,1.3333333333333333,2,0.5773502691896258,2.0,1.0,0.2
IC03186,2,1,2.0,2,0.0,2.0,0.0,0.0
IC03206,3,2,1.5,2,0.7071067811865476,2.0,0.0,0.0
IC03205,2,1,2.0,2,0.0,2.0,1.0,0.3333333333333333
IC02228,4,3,1.3333333333333333,2,0.5773502691896258,2.0,0.0,0.0
IC02230,4,3,1.3333333333333333,2,0.5773502691896257,2.0,0.0,0.0
IC03190,4,3,1.3333333333333333,2,0.5773502691896257,2.0,0.0,0.0
IC03196,2,1,2.0,2,0.0,2.0,0.0,0.0
IC03195,2,1,2.0,2,0.0,2.0,0.0,0.0
IC03194,4,3,1.3333333333333333,2,0.5773502691896258,2.0,0.0,0.0
IC03223,4,3,1.3333333333333333,2,0.5773502691896258,2.0,0.0,0.0
IC02187,4,3,1.3333333333333333,2,0.5773502691896257,2.0,0.0,0.0
IC03267,4,3,1.3333333333333333,2,0.5773502691896258,2.0,0.0,0.0
IC03179,2,1,2.0,2,0.0,2.0,0.0,0.0
IC03261,4,3,1.3333333333333333,2,0.5773502691896258,2.0,0.0,0.0
IC02143,6,5,1.2,2,0.4472135954999579,2.0,0.0,0.0
IC03258,5,4,1.25,2,0.5,2.0,0.0,0.0
IC03254,3,2,1.5,2,0.7071067811865476,2.0,0.0,0.0
IC03251,3,2,1.5,2,0.7071067811865476,2.0,0.0,0.0
IC02153,3,2,1.5,2,0.7071067811865476,2.0,0.0,0.0
IC03244,6,5,1.2,2,0.4472135954999579,2.0,0.0,0.0
IC03177,4,3,1.3333333333333333,2,0.5773502691896258,2.0,0.0,0.0
IC02161,6,5,1.2,2,0.4472135954999579,2.0,0.0,0.0
IC02166,5,4,1.25,2,0.5,2.0,0.0,0.0
IC02169,4,3,1.3333333333333333,2,0.5773502691896257,2.0,1.0,0.2
IC00035,29,28,1.0357142857142858,2,0.1889822365046136,2.0,0.0,0.0
IC03233,2,1,2.0,2,0.0,2.0,0.0,0.0
IC02177,4,3,1.3333333333333333,2,0.5773502691896257,2.0,0.0,0.0
IC02178,5,4,1.25,2,0.5,2.0,2.0,0.3333333333333333
IC02257,3,2,1.5,2,0.7071067811865476,2.0,5.0,1.25
IC02183,4,3,1.3333333333333333,2,0.5773502691896257,2.0,0.0,0.0
IC03386,4,3,1.3333333333333333,2,0.5773502691896258,2.0,0.0,0.0
IC03388,4,3,1.3333333333333333,2,0.5773502691896258,2.0,0.0,0.0
IC01716,9,8,1.125,2,0.3535533905932738,2.0,0.0,0.0
IC03031,3,2,1.5,2,0.7071067811865476,2.0,1.0,0.25
IC00222,5,4,1.25,2,0.5,2.0,7.0,1.1666666666666667
IC03743,2,1,2.0,2,0.0,2.0,0.0,0.0
IC00217,20,19,1.0526315789473684,2,0.22941573387056177,2.0,0.0,0.0
IC01817,2,1,2.0,2,0.0,2.0,0.0,0.0
IC01820,2,1,2.0,2,0.0,2.0,0.0,0.0
IC03733,2,1,2.0,2,0.0,2.0,0.0,0.0
IC01824,4,3,1.3333333333333333,2,0.5773502691896258,2.0,2.0,0.4
IC01827,2,1,2.0,2,0.0,2.0,1.0,0.3333333333333333
IC03705,2,1,2.0,2,0.0,2.0,0.0,0.0
IC03400,3,2,1.5,2,0.7071067811865476,2.0,0.0,0.0
IC00207,3,2,1.5,2,0.7071067811865476,2.0,0.0,0.0
IC03032,2,1,2.0,2,0.0,2.0,4.0,1.3333333333333333
IC03693,2,1,2.0,2,0.0,2.0,1.0,0.3333333333333333
IC01847,2,1,2.0,2,0.0,2.0,4.0,1.3333333333333333
IC06245,2,1,2.0,2,0.0,2.0,0.0,0.0
IC02686,3,2,1.5,2,0.7071067811865476,2.0,0.0,0.0
IC01871,10,9,1.1111111111111112,2,0.3333333333333333,2.0,0.0,0.0
IC00199,37,36,1.0277777777777777,2,0.16666666666666666,2.0,0.0,0.0
IC01804,2,1,2.0,2,0.0,2.0,0.0,0.0
IC03028,3,2,1.5,2,0.7071067811865476,2.0,0.0,0.0
IC03790,8,7,1.1428571428571428,2,0.3779644730092272,2.0,0.0,0.0
IC02389,3,2,1.5,2,0.7071067811865476,2.0,1.0,0.25
IC01717,2,1,2.0,2,0.0,2.0,0.0,0.0
IC01719,5,4,1.25,2,0.5,2.0,5.0,0.8333333333333334
IC06186,2,1,2.0,2,0.0,2.0,0.0,0.0
IC03006,4,3,1.3333333333333333,2,0.5773502691896257,2.0,1.0,0.2
IC00272,5,4,1.25,2,0.5,2.0,0.0,0.0
IC03860,6,5,1.2,2,0.4472135954999579,2.0,0.0,0.0
IC00268,2,1,2.0,2,0.0,2.0,1.0,0.3333333333333333
IC01751,3,2,1.5,2,0.7071067811865476,2.0,2.0,0.5
IC03849,4,3,1.3333333333333333,2,0.5773502691896258,2.0,0.0,0.0
IC01757,3,2,1.5,2,0.7071067811865476,2.0,0.0,0.0
IC06223,2,1,2.0,2,0.0,2.0,0.0,0.0
IC06226,2,1,2.0,2,0.0,2.0,0.0,0.0
IC03829,5,4,1.25,2,0.5,2.0,0.0,0.0
IC00254,4,3,1.3333333333333333,2,0.5773502691896257,2.0,0.0,0.0
IC03824,3,2,1.5,2,0.7071067811865476,2.0,1.0,0.25
IC03817,3,2,1.5,2,0.7071067811865476,2.0,0.0,0.0
IC01787,2,1,2.0,2,0.0,2.0,1.0,0.3333333333333333
IC01877,2,1,2.0,2,0.0,2.0,0.0,0.0
IC01878,2,1,2.0,2,0.0,2.0,0.0,0.0
IC00195,15,14,1.0714285714285714,2,0.2672612419124244,2.0,0.0,0.0
IC00063,11,10,1.1,2,0.31622776601683794,2.0,2.0,0.16666666666666666
IC03107,3,2,1.5,2,0.7071067811865476,2.0,0.0,0.0
IC03109,4,3,1.3333333333333333,2,0.5773502691896258,2.0,0.0,0.0
IC02016,2,1,2.0,2,0.0,2.0,0.0,0.0
IC03110,5,4,1.25,2,0.5,2.0,0.0,0.0
IC03111,4,3,1.3333333333333333,2,0.5773502691896258,2.0,0.0,0.0
IC02026,3,2,1.5,2,0.7071067811865476,2.0,0.0,0.0
IC03483,4,3,1.3333333333333333,2,0.5773502691896257,2.0,0.0,0.0
IC02029,3,2,1.5,2,0.7071067811865476,2.0,0.0,0.0
IC02032,4,3,1.3333333333333333,2,0.5773502691896257,2.0,1.0,0.2
IC02034,3,2,1.5,2,0.7071067811865476,2.0,0.0,0.0
IC03113,3,2,1.5,2,0.7071067811865476,2.0,0.0,0.0
IC02307,11,10,1.1,2,0.31622776601683794,2.0,0.0,0.0
IC02044,5,4,1.25,2,0.5,2.0,0.0,0.0
IC00061,7,6,1.1666666666666667,2,0.408248290463863,2.0,1.0,0.125
IC03417,3,2,1.5,2,0.7071067811865476,2.0,0.0,0.0
IC02048,2,1,2.0,2,0.0,2.0,0.0,0.0
IC03415,4,3,1.3333333333333333,2,0.5773502691896258,2.0,1.0,0.2
IC01993,5,4,1.25,2,0.5,2.0,0.0,0.0
IC06413,2,1,2.0,2,0.0,2.0,0.0,0.0
IC01885,4,3,1.3333333333333333,2,0.5773502691896257,2.0,0.0,0.0
IC03551,2,1,2.0,2,0.0,2.0,1.0,0.3333333333333333
IC01887,2,1,2.0,2,0.0,2.0,0.0,0.0
IC01891,5,4,1.25,2,0.5,2.0,4.0,0.6666666666666666
IC03637,2,1,2.0,2,0.0,2.0,0.0,0.0
IC00118,8,7,1.1428571428571428,2,0.3779644730092272,2.0,6.0,0.6666666666666666
IC03630,3,2,1.5,2,0.7071067811865476,2.0,0.0,0.0
IC03628,5,4,1.25,2,0.5,2.0,0.0,0.0
IC01909,2,1,2.0,2,0.0,2.0,5.0,1.6666666666666667
IC03624,5,4,1.25,2,0.5,2.0,0.0,0.0
IC03614,4,3,1.3333333333333333,2,0.5773502691896258,2.0,0.0,0.0
IC03610,2,1,2.0,2,0.0,2.0,0.0,0.0
IC02351,3,2,1.5,2,0.7071067811865476,2.0,1.0,0.25
IC01938,3,2,1.5,2,0.7071067811865476,2.0,0.0,0.0
IC03573,3,2,1.5,2,0.7071067811865476,2.0,0.0,0.0
IC01960,4,3,1.3333333333333333,2,0.5773502691896258,2.0,1.0,0.2
IC06248,2,1,2.0,2,0.0,2.0,0.0,0.0
IC03559,3,2,1.5,2,0.7071067811865476,2.0,4.0,1.0
IC03556,2,1,2.0,2,0.0,2.0,0.0,0.0
IC04452,2,1,2.0,2,0.0,2.0,0.0,0.0
IC01466,3,2,1.5,2,0.7071067811865476,2.0,1.0,0.25
IC03193,3,2,1.5,2,0.7071067811865476,2.0,0.0,0.0
IC01164,8,7,1.1428571428571428,2,0.3779644730092272,2.0,1.0,0.1111111111111111
IC04863,7,6,1.1666666666666667,2,0.408248290463863,2.0,0.0,0.0
IC02510,2,1,2.0,2,0.0,2.0,1.0,0.3333333333333333
IC00425,10,9,1.1111111111111112,2,0.3333333333333333,2.0,3.0,0.2727272727272727
IC02625,2,1,2.0,2,0.0,2.0,1.0,0.3333333333333333
IC05721,3,2,1.5,2,0.7071067811865476,2.0,0.0,0.0
IC04877,3,2,1.5,2,0.7071067811865476,2.0,0.0,0.0
IC02610,3,2,1.5,2,0.7071067811865476,2.0,0.0,0.0
IC02609,4,3,1.3333333333333333,2,0.5773502691896257,2.0,0.0,0.0
IC01138,11,10,1.1,2,0.31622776601683794,2.0,0.0,0.0
IC04897,2,1,2.0,2,0.0,2.0,0.0,0.0
IC05601,2,1,2.0,2,0.0,2.0,0.0,0.0
IC02600,2,1,2.0,2,0.0,2.0,0.0,0.0
IC01134,16,15,1.0666666666666667,2,0.2581988897471611,2.0,0.0,0.0
IC06040,2,1,2.0,2,0.0,2.0,1.0,0.3333333333333333
IC00435,4,3,1.3333333333333333,2,0.5773502691896257,2.0,0.0,0.0
IC02718,6,5,1.2,2,0.4472135954999579,2.0,1.0,0.14285714285714285
IC05576,2,1,2.0,2,0.0,2.0,2.0,0.6666666666666666
IC02719,5,4,1.25,2,0.5,2.0,0.0,0.0
IC02720,4,3,1.3333333333333333,2,0.5773502691896258,2.0,0.0,0.0
IC04927,3,2,1.5,2,0.7071067811865476,2.0,0.0,0.0
IC00796,3,2,1.5,2,0.7071067811865476,2.0,0.0,0.0
IC02572,4,3,1.3333333333333333,2,0.5773502691896258,2.0,0.0,0.0
IC04938,2,1,2.0,2,0.0,2.0,0.0,0.0
IC02799,2,1,2.0,2,0.0,2.0,0.0,0.0
IC02790,2,1,2.0,2,0.0,2.0,2.0,0.6666666666666666
IC05960,3,2,1.5,2,0.7071067811865476,2.0,0.0,0.0
IC02569,3,2,1.5,2,0.7071067811865476,2.0,2.0,0.5
IC00423,2,1,2.0,2,0.0,2.0,0.0,0.0
IC00768,4,3,1.3333333333333333,2,0.5773502691896257,2.0,0.0,0.0
IC01225,7,6,1.1666666666666667,2,0.408248290463863,2.0,0.0,0.0
IC00543,5,4,1.25,2,0.5,2.0,0.0,0.0
IC05768,2,1,2.0,2,0.0,2.0,1.0,0.3333333333333333
IC00555,5,4,1.25,2,0.5,2.0,0.0,0.0
IC05758,2,1,2.0,2,0.0,2.0,0.0,0.0
IC00552,4,3,1.3333333333333333,2,0.5773502691896257,2.0,0.0,0.0
IC05915,2,1,2.0,2,0.0,2.0,0.0,0.0
IC04753,2,1,2.0,2,0.0,2.0,0.0,0.0
IC05757,2,1,2.0,2,0.0,2.0,2.0,0.6666666666666666
IC04754,2,1,2.0,2,0.0,2.0,0.0,0.0
IC01210,2,1,2.0,2,0.0,2.0,0.0,0.0
IC01209,13,12,1.0833333333333333,2,0.2886751345948129,2.0,0.0,0.0
IC05756,2,1,2.0,2,0.0,2.0,0.0,0.0
IC01207,2,1,2.0,2,0.0,2.0,1.0,0.3333333333333333
IC00413,5,4,1.25,2,0.5,2.0,1.0,0.16666666666666666
IC01202,2,1,2.0,2,0.0,2.0,4.0,1.3333333333333333
IC01201,3,2,1.5,2,0.7071067811865476,2.0,0.0,0.0
IC05755,2,1,2.0,2,0.0,2.0,1.0,0.3333333333333333
IC00733,5,4,1.25,2,0.5,2.0,340.0,56.666666666666664
IC05926,2,1,2.0,2,0.0,2.0,0.0,0.0
IC00742,2,1,2.0,2,0.0,2.0,0.0,0.0
IC00744,2,1,2.0,2,0.0,2.0,5.0,1.6666666666666667
IC05752,3,2,1.5,2,0.7071067811865476,2.0,0.0,0.0
IC05746,7,6,1.1666666666666667,2,0.408248290463863,2.0,0.0,0.0
IC00418,3,2,1.5,2,0.7071067811865476,2.0,0.0,0.0
IC00756,6,5,1.2,2,0.4472135954999579,2.0,29.0,4.142857142857143
IC00547,27,26,1.0384615384615385,2,0.19611613513818402,2.0,0.0,0.0
IC00545,5,4,1.25,2,0.5,2.0,0.0,0.0
IC00763,4,3,1.3333333333333333,2,0.5773502691896258,2.0,0.0,0.0
IC02568,4,3,1.3333333333333333,2,0.5773502691896257,2.0,0.0,0.0
IC01076,4,3,1.3333333333333333,2,0.5773502691896257,2.0,11.0,2.2
IC02520,2,1,2.0,2,0.0,2.0,0.0,0.0
IC02731,3,2,1.5,2,0.7071067811865476,2.0,0.0,0.0
IC00978,3,2,1.5,2,0.7071067811865476,2.0,0.0,0.0
IC02741,10,9,1.1111111111111112,2,0.3333333333333333,2.0,25.0,2.272727272727273
IC05141,3,2,1.5,2,0.7071067811865476,2.0,3.0,0.75
IC00973,3,2,1.5,2,0.7071067811865476,2.0,0.0,0.0
IC00972,6,5,1.2,2,0.4472135954999579,2.0,0.0,0.0
IC02651,2,1,2.0,2,0.0,2.0,0.0,0.0
IC02530,2,1,2.0,2,0.0,2.0,0.0,0.0
IC05156,2,1,2.0,2,0.0,2.0,0.0,0.0
IC05197,3,2,1.5,2,0.7071067811865476,2.0,0.0,0.0
IC00954,2,1,2.0,2,0.0,2.0,0.0,0.0
IC00953,2,1,2.0,2,0.0,2.0,0.0,0.0
IC00952,2,1,2.0,2,0.0,2.0,0.0,0.0
IC00835,4,3,1.3333333333333333,2,0.5773502691896257,2.0,54.0,10.8
IC00845,10,9,1.1111111111111112,2,0.3333333333333333,2.0,0.0,0.0
IC02756,4,3,1.3333333333333333,2,0.5773502691896257,2.0,0.0,0.0
IC00948,7,6,1.1666666666666667,2,0.408248290463863,2.0,4.0,0.5
IC05227,2,1,2.0,2,0.0,2.0,0.0,0.0
IC02757,6,5,1.2,2,0.4472135954999579,2.0,0.0,0.0
IC02758,5,4,1.25,2,0.5,2.0,0.0,0.0
IC02759,5,4,1.25,2,0.5,2.0,0.0,0.0
IC00861,11,10,1.1,2,0.31622776601683794,2.0,0.0,0.0
IC02537,2,1,2.0,2,0.0,2.0,0.0,0.0
IC05254,3,2,1.5,2,0.7071067811865476,2.0,0.0,0.0
IC05293,2,1,2.0,2,0.0,2.0,0.0,0.0
IC00867,5,4,1.25,2,0.5,2.0,0.0,0.0
IC00909,5,4,1.25,2,0.5,2.0,2.0,0.3333333333333333
IC00499,4,3,1.3333333333333333,2,0.5773502691896257,2.0,0.0,0.0
IC00979,5,4,1.25,2,0.5,2.0,1.0,0.16666666666666666
IC00981,7,6,1.1666666666666667,2,0.408248290463863,2.0,3.0,0.375
IC02555,10,9,1.1111111111111112,2,0.3333333333333333,2.0,0.0,0.0
IC01019,9,8,1.125,2,0.3535533905932738,2.0,0.0,0.0
IC00443,7,6,1.1666666666666667,2,0.408248290463863,2.0,1.0,0.125
IC01069,4,3,1.3333333333333333,2,0.5773502691896257,2.0,5.0,1.0
IC05979,2,1,2.0,2,0.0,2.0,0.0,0.0
IC00447,6,5,1.2,2,0.4472135954999579,2.0,0.0,0.0
IC02523,2,1,2.0,2,0.0,2.0,0.0,0.0
IC02782,3,2,1.5,2,0.7071067811865476,2.0,0.0,0.0
IC01048,7,6,1.1666666666666667,2,0.408248290463863,2.0,0.0,0.0
IC00809,3,2,1.5,2,0.7071067811865476,2.0,0.0,0.0
IC05084,4,3,1.3333333333333333,2,0.5773502691896257,2.0,0.0,0.0
IC05109,3,2,1.5,2,0.7071067811865476,2.0,0.0,0.0
IC02738,3,2,1.5,2,0.7071067811865476,2.0,0.0,0.0
IC01023,3,2,1.5,2,0.7071067811865476,2.0,0.0,0.0
IC01015,7,6,1.1666666666666667,2,0.408248290463863,2.0,0.0,0.0
IC05126,2,1,2.0,2,0.0,2.0,0.0,0.0
IC02776,3,2,1.5,2,0.7071067811865476,2.0,5.0,1.25
IC05111,3,2,1.5,2,0.7071067811865476,2.0,0.0,0.0
IC05112,3,2,1.5,2,0.7071067811865476,2.0,0.0,0.0
IC05114,3,2,1.5,2,0.7071067811865476,2.0,0.0,0.0
IC00460,8,7,1.1428571428571428,2,0.3779644730092272,2.0,0.0,0.0
IC01004,8,7,1.1428571428571428,2,0.3779644730092272,2.0,1.0,0.1111111111111111
IC05119,3,2,1.5,2,0.7071067811865476,2.0,0.0,0.0
IC05120,3,2,1.5,2,0.7071067811865476,2.0,0.0,0.0
IC00998,3,2,1.5,2,0.7071067811865476,2.0,0.0,0.0
IC00991,10,9,1.1111111111111112,2,0.33333333333333337,2.0,5.0,0.45454545454545453
IC05441,2,1,2.0,2,0.0,2.0,0.0,0.0
IC00987,7,6,1.1666666666666667,2,0.408248290463863,2.0,0.0,0.0
IC05770,2,1,2.0,2,0.0,2.0,2.0,0.6666666666666666
IC00896,11,10,1.1,2,0.31622776601683794,2.0,0.0,0.0
IC05780,2,1,2.0,2,0.0,2.0,0.0,0.0
IC01473,3,2,1.5,2,0.7071067811865476,2.0,3.0,0.75
IC00686,6,5,1.2,2,0.4472135954999579,2.0,1.0,0.14285714285714285
IC01334,6,5,1.2,2,0.4472135954999579,2.0,0.0,0.0
IC00582,5,4,1.25,2,0.5,2.0,0.0,0.0
IC05824,2,1,2.0,2,0.0,2.0,0.0,0.0
IC01331,6,5,1.2,2,0.4472135954999579,2.0,0.0,0.0
IC01330,6,5,1.2,2,0.4472135954999579,2.0,0.0,0.0
IC01327,8,7,1.1428571428571428,2,0.3779644730092272,2.0,0.0,0.0
IC04689,2,1,2.0,2,0.0,2.0,0.0,0.0
IC04692,2,1,2.0,2,0.0,2.0,0.0,0.0
IC02640,2,1,2.0,2,0.0,2.0,0.0,0.0
IC02701,2,1,2.0,2,0.0,2.0,0.0,0.0
IC05818,2,1,2.0,2,0.0,2.0,0.0,0.0
IC00689,16,15,1.0666666666666667,2,0.2581988897471611,2.0,0.0,0.0
IC04546,2,1,2.0,2,0.0,2.0,0.0,0.0
IC00613,21,20,1.05,2,0.22360679774997896,2.0,0.0,0.0
IC00693,8,7,1.1428571428571428,2,0.37796447300922725,2.0,10.0,1.1111111111111112
IC02456,8,7,1.1428571428571428,2,0.3779644730092272,2.0,0.0,0.0
IC00393,3,2,1.5,2,0.7071067811865476,2.0,0.0,0.0
IC04514,2,1,2.0,2,0.0,2.0,0.0,0.0
IC01336,5,4,1.25,2,0.5,2.0,0.0,0.0
IC00567,5,4,1.25,2,0.5,2.0,0.0,0.0
IC00587,5,4,1.25,2,0.5,2.0,4.0,0.6666666666666666
IC02929,2,1,2.0,2,0.0,2.0,0.0,0.0
IC02457,4,3,1.3333333333333333,2,0.5773502691896257,2.0,0.0,0.0
IC06067,2,1,2.0,2,0.0,2.0,0.0,0.0
IC00641,3,2,1.5,2,0.7071067811865476,2.0,0.0,0.0
IC00576,6,5,1.2,2,0.4472135954999579,2.0,0.0,0.0
IC00359,7,6,1.1666666666666667,2,0.408248290463863,2.0,0.0,0.0
IC00358,14,13,1.0769230769230769,2,0.2773500981126145,2.0,2.0,0.13333333333333333
IC00580,8,7,1.1428571428571428,2,0.3779644730092272,2.0,0.0,0.0
IC00654,10,9,1.1111111111111112,2,0.3333333333333333,2.0,2.0,0.18181818181818182
IC00656,4,3,1.3333333333333333,2,0.5773502691896257,2.0,0.0,0.0
IC00371,21,20,1.05,2,0.22360679774997894,2.0,0.0,0.0
IC00664,8,7,1.1428571428571428,2,0.37796447300922725,2.0,0.0,0.0
IC04598,3,2,1.5,2,0.7071067811865476,2.0,0.0,0.0
IC00628,3,2,1.5,2,0.7071067811865476,2.0,0.0,0.0
IC05869,2,1,2.0,2,0.0,2.0,0.0,0.0
IC04572,3,2,1.5,2,0.7071067811865476,2.0,0.0,0.0
IC04570,2,1,2.0,2,0.0,2.0,0.0,0.0
IC01341,2,1,2.0,2,0.0,2.0,0.0,0.0
IC04565,2,1,2.0,2,0.0,2.0,0.0,0.0
IC00590,4,3,1.3333333333333333,2,0.5773502691896258,2.0,0.0,0.0
IC04717,3,2,1.5,2,0.7071067811865476,2.0,0.0,0.0
IC04635,3,2,1.5,2,0.7071067811865476,2.0,0.0,0.0
IC00595,4,3,1.3333333333333333,2,0.5773502691896258,2.0,0.0,0.0
IC00594,6,5,1.2,2,0.4472135954999579,2.0,0.0,0.0
IC04494,3,2,1.5,2,0.7071067811865476,2.0,1.0,0.25
IC01262,4,3,1.3333333333333333,2,0.5773502691896257,2.0,2.0,0.4
IC02632,2,1,2.0,2,0.0,2.0,15.0,5.0
IC04722,2,1,2.0,2,0.0,2.0,0.0,0.0
IC00593,3,2,1.5,2,0.7071067811865476,2.0,1.0,0.25
IC01259,11,10,1.1,2,0.31622776601683794,2.0,0.0,0.0
IC04724,4,3,1.3333333333333333,2,0.5773502691896258,2.0,0.0,0.0
IC01487,2,1,2.0,2,0.0,2.0,1.0,0.3333333333333333
IC00350,32,31,1.032258064516129,2,0.1796053020267749,2.0,0.0,0.0
IC02634,2,1,2.0,2,0.0,2.0,0.0,0.0
IC00406,17,16,1.0625,2,0.25,2.0,7.0,0.3888888888888889
IC01498,3,2,1.5,2,0.7071067811865476,2.0,1.0,0.25
IC00409,19,18,1.0555555555555556,2,0.23570226039551584,2.0,0.0,0.0
IC02477,4,3,1.3333333333333333,2,0.5773502691896258,2.0,0.0,0.0
IC00591,5,4,1.25,2,0.5,2.0,0.0,0.0
IC00399,10,9,1.1111111111111112,2,0.3333333333333333,2.0,3.0,0.2727272727272727
IC00397,3,2,1.5,2,0.7071067811865476,2.0,0.0,0.0
IC05802,2,1,2.0,2,0.0,2.0,0.0,0.0
IC01278,2,1,2.0,2,0.0,2.0,0.0,0.0
IC00695,2,1,2.0,2,0.0,2.0,0.0,0.0
IC01270,6,5,1.2,2,0.4472135954999579,2.0,0.0,0.0
IC00600,3,2,1.5,2,0.7071067811865476,2.0,0.0,0.0
IC04512,2,1,2.0,2,0.0,2.0,0.0,0.0
IC04732,2,1,2.0,2,0.0,2.0,0.0,0.0
IC05784,2,1,2.0,2,0.0,2.0,0.0,0.0
IC00597,4,3,1.3333333333333333,2,0.5773502691896258,2.0,0.0,0.0
IC00018,112,112,1.0,1,0.0,0.9911504424778761,0.0,0.0
IC00330,46,46,1.0,1,0.0,0.9787234042553191,0.0,0.0
IC02723,30,30,1.0,1,0.0,0.967741935483871,0.0,0.0
IC01656,27,27,1.0,1,0.0,0.9642857142857143,0.0,0.0
IC00102,23,23,1.0,1,0.0,0.9583333333333334,0.0,0.0
IC00416,21,21,1.0,1,0.0,0.9545454545454546,0.0,0.0
IC00561,18,18,1.0,1,0.0,0.9473684210526315,0.0,0.0
IC01905,18,18,1.0,1,0.0,0.9473684210526315,0.0,0.0
IC00501,18,18,1.0,1,0.0,0.9473684210526315,0.0,0.0
IC00546,18,18,1.0,1,0.0,0.9473684210526315,0.0,0.0
IC00509,17,17,1.0,1,0.0,0.9444444444444444,0.0,0.0
IC00415,17,17,1.0,1,0.0,0.9444444444444444,0.0,0.0
IC00601,17,17,1.0,1,0.0,0.9444444444444444,0.0,0.0
IC01788,17,17,1.0,1,0.0,0.9444444444444444,0.0,0.0
IC00493,17,17,1.0,1,0.0,0.9444444444444444,0.0,0.0
IC00420,17,17,1.0,1,0.0,0.9444444444444444,0.0,0.0
IC00609,16,16,1.0,1,0.0,0.9411764705882353,8.0,0.47058823529411764
IC00719,15,15,1.0,1,0.0,0.9375,3.0,0.1875
IC00672,15,15,1.0,1,0.0,0.9375,9.0,0.5625
IC01083,15,15,1.0,1,0.0,0.9375,0.0,0.0
IC00828,14,14,1.0,1,0.0,0.9333333333333333,1.0,0.06666666666666667
IC00197,14,14,1.0,1,0.0,0.9333333333333333,0.0,0.0
IC00891,14,14,1.0,1,0.0,0.9333333333333333,0.0,0.0
IC01525,14,14,1.0,1,0.0,0.9333333333333333,0.0,0.0
IC01009,13,13,1.0,1,0.0,0.9285714285714286,0.0,0.0
IC00414,13,13,1.0,1,0.0,0.9285714285714286,0.0,0.0
IC00417,13,13,1.0,1,0.0,0.9285714285714286,0.0,0.0
IC00818,13,13,1.0,1,0.0,0.9285714285714286,0.0,0.0
IC00586,13,13,1.0,1,0.0,0.9285714285714286,0.0,0.0
IC00448,12,12,1.0,1,0.0,0.9230769230769231,0.0,0.0
IC00757,12,12,1.0,1,0.0,0.9230769230769231,0.0,0.0
IC00391,12,12,1.0,1,0.0,0.9230769230769231,0.0,0.0
IC01773,11,11,1.0,1,0.0,0.9166666666666666,0.0,0.0
IC00301,11,11,1.0,1,0.0,0.9166666666666666,0.0,0.0
IC00624,11,11,1.0,1,0.0,0.9166666666666666,3.0,0.25
IC02896,11,11,1.0,1,0.0,0.9166666666666666,0.0,0.0
IC00205,11,11,1.0,1,0.0,0.9166666666666666,0.0,0.0
IC00497,10,10,1.0,1,0.0,0.9090909090909091,0.0,0.0
IC01450,10,10,1.0,1,0.0,0.9090909090909091,1.0,0.09090909090909091
IC01129,9,9,1.0,1,0.0,0.9,0.0,0.0
IC01789,9,9,1.0,1,0.0,0.9,2.0,0.2
IC00315,9,9,1.0,1,0.0,0.9,0.0,0.0
IC00634,9,9,1.0,1,0.0,0.9,0.0,0.0
IC00902,9,9,1.0,1,0.0,0.9,0.0,0.0
IC00616,9,9,1.0,1,0.0,0.9,0.0,0.0
IC00832,8,8,1.0,1,0.0,0.8888888888888888,0.0,0.0
IC01011,8,8,1.0,1,0.0,0.8888888888888888,3.0,0.3333333333333333
IC00617,8,8,1.0,1,0.0,0.8888888888888888,1.0,0.1111111111111111
IC01872,8,8,1.0,1,0.0,0.8888888888888888,0.0,0.0
IC01229,8,8,1.0,1,0.0,0.8888888888888888,1.0,0.1111111111111111
IC03485,8,8,1.0,1,0.0,0.8888888888888888,0.0,0.0
IC01961,8,8,1.0,1,0.0,0.8888888888888888,0.0,0.0
IC00645,8,8,1.0,1,0.0,0.8888888888888888,1.0,0.1111111111111111
IC00541,7,7,1.0,1,0.0,0.875,0.0,0.0
IC01301,7,7,1.0,1,0.0,0.875,0.0,0.0
IC00384,7,7,1.0,1,0.0,0.875,0.0,0.0
IC03012,7,7,1.0,1,0.0,0.875,0.0,0.0
IC01575,7,7,1.0,1,0.0,0.875,0.0,0.0
IC00727,7,7,1.0,1,0.0,0.875,0.0,0.0
IC01119,7,7,1.0,1,0.0,0.875,0.0,0.0
IC01555,7,7,1.0,1,0.0,0.875,0.0,0.0
IC01050,7,7,1.0,1,0.0,0.875,0.0,0.0
IC00751,7,7,1.0,1,0.0,0.875,1.0,0.125
IC00020,7,7,1.0,1,0.0,0.875,0.0,0.0
IC01059,6,6,1.0,1,0.0,0.8571428571428571,0.0,0.0
IC02532,6,6,1.0,1,0.0,0.8571428571428571,1.0,0.14285714285714285
IC01234,6,6,1.0,1,0.0,0.8571428571428571,0.0,0.0
IC01185,6,6,1.0,1,0.0,0.8571428571428571,0.0,0.0
IC00821,6,6,1.0,1,0.0,0.8571428571428571,0.0,0.0
IC01664,6,6,1.0,1,0.0,0.8571428571428571,20.0,2.857142857142857
IC00354,6,6,1.0,1,0.0,0.8571428571428571,1.0,0.14285714285714285
IC00905,6,6,1.0,1,0.0,0.8571428571428571,0.0,0.0
IC00353,6,6,1.0,1,0.0,0.8571428571428571,3.0,0.42857142857142855
IC00238,6,6,1.0,1,0.0,0.8571428571428571,2.0,0.2857142857142857
IC01697,6,6,1.0,1,0.0,0.8571428571428571,7.0,1.0
IC01561,6,6,1.0,1,0.0,0.8571428571428571,0.0,0.0
IC00445,6,6,1.0,1,0.0,0.8571428571428571,1.0,0.14285714285714285
IC02172,6,6,1.0,1,0.0,0.8571428571428571,0.0,0.0
IC00285,6,6,1.0,1,0.0,0.8571428571428571,0.0,0.0
IC01556,6,6,1.0,1,0.0,0.8571428571428571,0.0,0.0
IC00940,6,6,1.0,1,0.0,0.8571428571428571,34.0,4.857142857142857
IC03278,5,5,1.0,1,0.0,0.8333333333333334,0.0,0.0
IC01174,5,5,1.0,1,0.0,0.8333333333333334,0.0,0.0
IC01175,5,5,1.0,1,0.0,0.8333333333333334,0.0,0.0
IC01520,5,5,1.0,1,0.0,0.8333333333333334,0.0,0.0
IC00740,5,5,1.0,1,0.0,0.8333333333333334,1.0,0.16666666666666666
IC01659,5,5,1.0,1,0.0,0.8333333333333334,0.0,0.0
IC02237,5,5,1.0,1,0.0,0.8333333333333334,0.0,0.0
IC00562,5,5,1.0,1,0.0,0.8333333333333334,1.0,0.16666666666666666
IC01873,5,5,1.0,1,0.0,0.8333333333333334,0.0,0.0
IC01215,5,5,1.0,1,0.0,0.8333333333333334,0.0,0.0
IC03403,5,5,1.0,1,0.0,0.8333333333333334,0.0,0.0
IC00331,5,5,1.0,1,0.0,0.8333333333333334,0.0,0.0
IC02730,5,5,1.0,1,0.0,0.8333333333333334,0.0,0.0
IC02053,5,5,1.0,1,0.0,0.8333333333333334,0.0,0.0
IC02185,5,5,1.0,1,0.0,0.8333333333333334,1.0,0.16666666666666666
IC00643,5,5,1.0,1,0.0,0.8333333333333334,2.0,0.3333333333333333
IC01033,5,5,1.0,1,0.0,0.8333333333333334,0.0,0.0
IC00893,5,5,1.0,1,0.0,0.8333333333333334,0.0,0.0
IC01829,5,5,1.0,1,0.0,0.8333333333333334,1.0,0.16666666666666666
IC01030,5,5,1.0,1,0.0,0.8333333333333334,0.0,0.0
IC02070,5,5,1.0,1,0.0,0.8333333333333334,0.0,0.0
IC01025,5,5,1.0,1,0.0,0.8333333333333334,0.0,0.0
IC02171,5,5,1.0,1,0.0,0.8333333333333334,1.0,0.16666666666666666
IC02081,5,5,1.0,1,0.0,0.8333333333333334,0.0,0.0
IC00884,5,5,1.0,1,0.0,0.8333333333333334,0.0,0.0
IC00813,5,5,1.0,1,0.0,0.8333333333333334,0.0,0.0
IC01219,5,5,1.0,1,0.0,0.8333333333333334,0.0,0.0
IC01135,5,5,1.0,1,0.0,0.8333333333333334,0.0,0.0
IC02035,5,5,1.0,1,0.0,0.8333333333333334,2.0,0.3333333333333333
IC01628,5,5,1.0,1,0.0,0.8333333333333334,5.0,0.8333333333333334
IC00540,5,5,1.0,1,0.0,0.8333333333333334,0.0,0.0
IC00921,5,5,1.0,1,0.0,0.8333333333333334,0.0,0.0
IC02141,4,4,1.0,1,0.0,0.8,0.0,0.0
IC00870,4,4,1.0,1,0.0,0.8,1.0,0.2
IC01953,4,4,1.0,1,0.0,0.8,0.0,0.0
IC00726,4,4,1.0,1,0.0,0.8,1.0,0.2
IC03257,4,4,1.0,1,0.0,0.8,0.0,0.0
IC02007,4,4,1.0,1,0.0,0.8,0.0,0.0
IC00791,4,4,1.0,1,0.0,0.8,1.0,0.2
IC00059,4,4,1.0,1,0.0,0.8,0.0,0.0
IC02052,4,4,1.0,1,0.0,0.8,0.0,0.0
IC02182,4,4,1.0,1,0.0,0.8,0.0,0.0
IC02049,4,4,1.0,1,0.0,0.8,0.0,0.0
IC00525,4,4,1.0,1,0.0,0.8,2.0,0.4
IC00653,4,4,1.0,1,0.0,0.8,9.0,1.8
IC02258,4,4,1.0,1,0.0,0.8,1.0,0.2
IC03221,4,4,1.0,1,0.0,0.8,0.0,0.0
IC02010,4,4,1.0,1,0.0,0.8,0.0,0.0
IC03431,4,4,1.0,1,0.0,0.8,0.0,0.0
IC02642,4,4,1.0,1,0.0,0.8,0.0,0.0
IC03479,4,4,1.0,1,0.0,0.8,0.0,0.0
IC00542,4,4,1.0,1,0.0,0.8,0.0,0.0
IC03245,4,4,1.0,1,0.0,0.8,0.0,0.0
IC00895,4,4,1.0,1,0.0,0.8,0.0,0.0
IC03166,4,4,1.0,1,0.0,0.8,0.0,0.0
IC02056,4,4,1.0,1,0.0,0.8,1.0,0.2
IC05188,4,4,1.0,1,0.0,0.8,1.0,0.2
IC00198,4,4,1.0,1,0.0,0.8,0.0,0.0
IC01718,4,4,1.0,1,0.0,0.8,1.0,0.2
IC02858,4,4,1.0,1,0.0,0.8,0.0,0.0
IC02482,4,4,1.0,1,0.0,0.8,1.0,0.2
IC02913,4,4,1.0,1,0.0,0.8,0.0,0.0
IC05250,4,4,1.0,1,0.0,0.8,1.0,0.2
IC03055,4,4,1.0,1,0.0,0.8,1.0,0.2
IC01914,4,4,1.0,1,0.0,0.8,0.0,0.0
IC01913,4,4,1.0,1,0.0,0.8,0.0,0.0
IC01611,4,4,1.0,1,0.0,0.8,0.0,0.0
IC01066,4,4,1.0,1,0.0,0.8,0.0,0.0
IC01039,4,4,1.0,1,0.0,0.8,1.0,0.2
IC00950,4,4,1.0,1,0.0,0.8,3.0,0.6
IC00299,4,4,1.0,1,0.0,0.8,0.0,0.0
IC01208,4,4,1.0,1,0.0,0.8,0.0,0.0
IC00472,4,4,1.0,1,0.0,0.8,0.0,0.0
IC01031,4,4,1.0,1,0.0,0.8,1.0,0.2
IC01212,4,4,1.0,1,0.0,0.8,0.0,0.0
IC01837,4,4,1.0,1,0.0,0.8,0.0,0.0
IC00470,4,4,1.0,1,0.0,0.8,0.0,0.0
IC01684,4,4,1.0,1,0.0,0.8,0.0,0.0
IC03825,4,4,1.0,1,0.0,0.8,0.0,0.0
IC02880,4,4,1.0,1,0.0,0.8,0.0,0.0
IC01218,4,4,1.0,1,0.0,0.8,0.0,0.0
IC05131,4,4,1.0,1,0.0,0.8,0.0,0.0
IC03998,4,4,1.0,1,0.0,0.8,0.0,0.0
IC01223,4,4,1.0,1,0.0,0.8,0.0,0.0
IC02494,4,4,1.0,1,0.0,0.8,0.0,0.0
IC02918,4,4,1.0,1,0.0,0.8,0.0,0.0
IC01726,4,4,1.0,1,0.0,0.8,0.0,0.0
IC01148,4,4,1.0,1,0.0,0.8,0.0,0.0
IC03010,4,4,1.0,1,0.0,0.8,0.0,0.0
IC00355,4,4,1.0,1,0.0,0.8,0.0,0.0
IC00906,4,4,1.0,1,0.0,0.8,0.0,0.0
IC01791,4,4,1.0,1,0.0,0.8,0.0,0.0
IC01475,4,4,1.0,1,0.0,0.8,0.0,0.0
IC00439,4,4,1.0,1,0.0,0.8,0.0,0.0
IC04223,4,4,1.0,1,0.0,0.8,0.0,0.0
IC01096,4,4,1.0,1,0.0,0.8,1.0,0.2
IC03023,4,4,1.0,1,0.0,0.8,0.0,0.0
IC02803,4,4,1.0,1,0.0,0.8,0.0,0.0
IC01220,3,3,1.0,1,0.0,0.75,1.0,0.25
IC03850,3,3,1.0,1,0.0,0.75,0.0,0.0
IC01948,3,3,1.0,1,0.0,0.75,0.0,0.0
IC04846,3,3,1.0,1,0.0,0.75,1.0,0.25
IC01222,3,3,1.0,1,0.0,0.75,0.0,0.0
IC01744,3,3,1.0,1,0.0,0.75,0.0,0.0
IC02708,3,3,1.0,1,0.0,0.75,0.0,0.0
IC04854,3,3,1.0,1,0.0,0.75,0.0,0.0
IC05705,3,3,1.0,1,0.0,0.75,0.0,0.0
IC02135,3,3,1.0,1,0.0,0.75,0.0,0.0
IC01686,3,3,1.0,1,0.0,0.75,0.0,0.0
IC02103,3,3,1.0,1,0.0,0.75,0.0,0.0
IC02855,3,3,1.0,1,0.0,0.75,0.0,0.0
IC01737,3,3,1.0,1,0.0,0.75,0.0,0.0
IC02118,3,3,1.0,1,0.0,0.75,0.0,0.0
IC02669,3,3,1.0,1,0.0,0.75,1.0,0.25
IC03891,3,3,1.0,1,0.0,0.75,0.0,0.0
IC02113,3,3,1.0,1,0.0,0.75,0.0,0.0
IC00292,3,3,1.0,1,0.0,0.75,0.0,0.0
IC03275,3,3,1.0,1,0.0,0.75,0.0,0.0
IC02841,3,3,1.0,1,0.0,0.75,0.0,0.0
IC04770,3,3,1.0,1,0.0,0.75,0.0,0.0
IC03002,3,3,1.0,1,0.0,0.75,0.0,0.0
IC01708,3,3,1.0,1,0.0,0.75,0.0,0.0
IC02859,3,3,1.0,1,0.0,0.75,0.0,0.0
IC02117,3,3,1.0,1,0.0,0.75,0.0,0.0
IC03286,3,3,1.0,1,0.0,0.75,0.0,0.0
IC03989,3,3,1.0,1,0.0,0.75,0.0,0.0
IC03582,3,3,1.0,1,0.0,0.75,0.0,0.0
IC02481,3,3,1.0,1,0.0,0.75,2.0,0.5
IC01530,3,3,1.0,1,0.0,0.75,5.0,1.25
IC04587,3,3,1.0,1,0.0,0.75,0.0,0.0
IC01546,3,3,1.0,1,0.0,0.75,0.0,0.0
IC01470,3,3,1.0,1,0.0,0.75,1.0,0.25
IC02657,3,3,1.0,1,0.0,0.75,2.0,0.5
IC02937,3,3,1.0,1,0.0,0.75,1.0,0.25
IC04538,3,3,1.0,1,0.0,0.75,0.0,0.0
IC01481,3,3,1.0,1,0.0,0.75,0.0,0.0
IC00583,3,3,1.0,1,0.0,0.75,0.0,0.0
IC01482,3,3,1.0,1,0.0,0.75,0.0,0.0
IC01532,3,3,1.0,1,0.0,0.75,0.0,0.0
IC03209,3,3,1.0,1,0.0,0.75,0.0,0.0
IC01666,3,3,1.0,1,0.0,0.75,0.0,0.0
IC00607,3,3,1.0,1,0.0,0.75,0.0,0.0
IC03204,3,3,1.0,1,0.0,0.75,0.0,0.0
IC00337,3,3,1.0,1,0.0,0.75,0.0,0.0
IC03198,3,3,1.0,1,0.0,0.75,1.0,0.25
IC02647,3,3,1.0,1,0.0,0.75,1.0,0.25
IC04507,3,3,1.0,1,0.0,0.75,0.0,0.0
IC01491,3,3,1.0,1,0.0,0.75,1.0,0.25
IC02948,3,3,1.0,1,0.0,0.75,0.0,0.0
IC04481,3,3,1.0,1,0.0,0.75,7.0,1.75
IC00345,3,3,1.0,1,0.0,0.75,0.0,0.0
IC00581,3,3,1.0,1,0.0,0.75,0.0,0.0
IC02922,3,3,1.0,1,0.0,0.75,6.0,1.5
IC02975,3,3,1.0,1,0.0,0.75,0.0,0.0
IC02920,3,3,1.0,1,0.0,0.75,0.0,0.0
IC03249,3,3,1.0,1,0.0,0.75,0.0,0.0
IC03247,3,3,1.0,1,0.0,0.75,0.0,0.0
IC04720,3,3,1.0,1,0.0,0.75,0.0,0.0
IC04081,3,3,1.0,1,0.0,0.75,0.0,0.0
IC03243,3,3,1.0,1,0.0,0.75,0.0,0.0
IC02158,3,3,1.0,1,0.0,0.75,0.0,0.0
IC03242,3,3,1.0,1,0.0,0.75,0.0,0.0
IC01631,3,3,1.0,1,0.0,0.75,0.0,0.0
IC03239,3,3,1.0,1,0.0,0.75,0.0,0.0
IC01627,3,3,1.0,1,0.0,0.75,0.0,0.0
IC01332,3,3,1.0,1,0.0,0.75,1.0,0.25
IC02165,3,3,1.0,1,0.0,0.75,0.0,0.0
IC01335,3,3,1.0,1,0.0,0.75,0.0,0.0
IC05839,3,3,1.0,1,0.0,0.75,0.0,0.0
IC04680,3,3,1.0,1,0.0,0.75,0.0,0.0
IC02174,3,3,1.0,1,0.0,0.75,0.0,0.0
IC02175,3,3,1.0,1,0.0,0.75,0.0,0.0
IC04113,3,3,1.0,1,0.0,0.75,0.0,0.0
IC00646,3,3,1.0,1,0.0,0.75,0.0,0.0
IC04128,3,3,1.0,1,0.0,0.75,0.0,0.0
IC04629,3,3,1.0,1,0.0,0.75,0.0,0.0
IC00782,3,3,1.0,1,0.0,0.75,0.0,0.0
IC02676,3,3,1.0,1,0.0,0.75,0.0,0.0
IC01767,3,3,1.0,1,0.0,0.75,4.0,1.0
IC03484,3,3,1.0,1,0.0,0.75,0.0,0.0
IC02004,3,3,1.0,1,0.0,0.75,0.0,0.0
IC02012,3,3,1.0,1,0.0,0.75,1.0,0.25
IC00949,3,3,1.0,1,0.0,0.75,5.0,1.25
IC02014,3,3,1.0,1,0.0,0.75,0.0,0.0
IC02015,3,3,1.0,1,0.0,0.75,0.0,0.0
IC02746,3,3,1.0,1,0.0,0.75,1.0,0.25
IC00951,3,3,1.0,1,0.0,0.75,0.0,0.0
IC02022,3,3,1.0,1,0.0,0.75,0.0,0.0
IC04446,3,3,1.0,1,0.0,0.75,0.0,0.0
IC02025,3,3,1.0,1,0.0,0.75,0.0,0.0
IC02245,3,3,1.0,1,0.0,0.75,1.0,0.25
IC02028,3,3,1.0,1,0.0,0.75,0.0,0.0
IC03482,3,3,1.0,1,0.0,0.75,0.0,0.0
IC01875,3,3,1.0,1,0.0,0.75,0.0,0.0
IC02310,3,3,1.0,1,0.0,0.75,0.0,0.0
IC02370,3,3,1.0,1,0.0,0.75,2.0,0.5
IC03473,3,3,1.0,1,0.0,0.75,0.0,0.0
IC05127,3,3,1.0,1,0.0,0.75,0.0,0.0
IC00815,3,3,1.0,1,0.0,0.75,0.0,0.0
IC02529,3,3,1.0,1,0.0,0.75,0.0,0.0
IC02003,3,3,1.0,1,0.0,0.75,0.0,0.0
IC03515,3,3,1.0,1,0.0,0.75,0.0,0.0
IC03525,3,3,1.0,1,0.0,0.75,0.0,0.0
IC00927,3,3,1.0,1,0.0,0.75,0.0,0.0
IC01951,3,3,1.0,1,0.0,0.75,0.0,0.0
IC03058,3,3,1.0,1,0.0,0.75,0.0,0.0
IC01955,3,3,1.0,1,0.0,0.75,4.0,1.0
IC00074,3,3,1.0,1,0.0,0.75,0.0,0.0
IC05276,3,3,1.0,1,0.0,0.75,0.0,0.0
IC02536,3,3,1.0,1,0.0,0.75,0.0,0.0
IC02535,3,3,1.0,1,0.0,0.75,0.0,0.0
IC03607,3,3,1.0,1,0.0,0.75,2.0,0.5
IC05281,3,3,1.0,1,0.0,0.75,2.0,0.5
IC00913,3,3,1.0,1,0.0,0.75,0.0,0.0
IC06036,3,3,1.0,1,0.0,0.75,0.0,0.0
IC01932,3,3,1.0,1,0.0,0.75,0.0,0.0
IC05283,3,3,1.0,1,0.0,0.75,1.0,0.25
IC03611,3,3,1.0,1,0.0,0.75,1.0,0.25
IC03545,3,3,1.0,1,0.0,0.75,0.0,0.0
IC02333,3,3,1.0,1,0.0,0.75,11.0,2.75
IC00914,3,3,1.0,1,0.0,0.75,0.0,0.0
IC03620,3,3,1.0,1,0.0,0.75,0.0,0.0
IC01991,3,3,1.0,1,0.0,0.75,0.0,0.0
IC03427,3,3,1.0,1,0.0,0.75,0.0,0.0
IC00347,3,3,1.0,1,0.0,0.75,0.0,0.0
IC01078,3,3,1.0,1,0.0,0.75,0.0,0.0
IC03764,3,3,1.0,1,0.0,0.75,0.0,0.0
IC04925,3,3,1.0,1,0.0,0.75,0.0,0.0
IC01783,3,3,1.0,1,0.0,0.75,0.0,0.0
IC02078,3,3,1.0,1,0.0,0.75,0.0,0.0
IC01098,3,3,1.0,1,0.0,0.75,3.0,0.75
IC00801,3,3,1.0,1,0.0,0.75,0.0,0.0
IC00440,3,3,1.0,1,0.0,0.75,0.0,0.0
IC02728,3,3,1.0,1,0.0,0.75,0.0,0.0
IC03368,3,3,1.0,1,0.0,0.75,0.0,0.0
IC03769,3,3,1.0,1,0.0,0.75,0.0,0.0
IC00789,3,3,1.0,1,0.0,0.75,0.0,0.0
IC03135,3,3,1.0,1,0.0,0.75,0.0,0.0
IC00807,3,3,1.0,1,0.0,0.75,0.0,0.0
IC00228,3,3,1.0,1,0.0,0.75,1.0,0.25
IC01074,3,3,1.0,1,0.0,0.75,0.0,0.0
IC01782,3,3,1.0,1,0.0,0.75,0.0,0.0
IC02717,3,3,1.0,1,0.0,0.75,0.0,0.0
IC02301,3,3,1.0,1,0.0,0.75,1.0,0.25
IC03125,3,3,1.0,1,0.0,0.75,0.0,0.0
IC00785,3,3,1.0,1,0.0,0.75,2.0,0.5
IC05456,3,3,1.0,1,0.0,0.75,0.0,0.0
IC03708,3,3,1.0,1,0.0,0.75,0.0,0.0
IC01818,3,3,1.0,1,0.0,0.75,2.0,0.5
IC01111,3,3,1.0,1,0.0,0.75,1.0,0.25
IC03342,3,3,1.0,1,0.0,0.75,0.0,0.0
IC02811,3,3,1.0,1,0.0,0.75,0.0,0.0
IC02779,3,3,1.0,1,0.0,0.75,1.0,0.25
IC02838,2,2,1.0,1,0.0,0.6666666666666666,1.0,0.3333333333333333
IC02833,2,2,1.0,1,0.0,0.6666666666666666,0.0,0.0
IC02767,2,2,1.0,1,0.0,0.6666666666666666,0.0,0.0
IC03020,2,2,1.0,1,0.0,0.6666666666666666,0.0,0.0
IC02765,2,2,1.0,1,0.0,0.6666666666666666,0.0,0.0
IC03160,2,2,1.0,1,0.0,0.6666666666666666,0.0,0.0
IC02830,2,2,1.0,1,0.0,0.6666666666666666,0.0,0.0
IC03138,2,2,1.0,1,0.0,0.6666666666666666,0.0,0.0
IC02924,2,2,1.0,1,0.0,0.6666666666666666,1.0,0.3333333333333333
IC03067,2,2,1.0,1,0.0,0.6666666666666666,0.0,0.0
IC02999,2,2,1.0,1,0.0,0.6666666666666666,0.0,0.0
IC03060,2,2,1.0,1,0.0,0.6666666666666666,0.0,0.0
IC03056,2,2,1.0,1,0.0,0.6666666666666666,0.0,0.0
IC02959,2,2,1.0,1,0.0,0.6666666666666666,0.0,0.0
IC03059,2,2,1.0,1,0.0,0.6666666666666666,0.0,0.0
IC02703,2,2,1.0,1,0.0,0.6666666666666666,0.0,0.0
IC02687,2,2,1.0,1,0.0,0.6666666666666666,0.0,0.0
IC02693,2,2,1.0,1,0.0,0.6666666666666666,0.0,0.0
IC02680,2,2,1.0,1,0.0,0.6666666666666666,0.0,0.0
IC02684,2,2,1.0,1,0.0,0.6666666666666666,0.0,0.0
IC03057,2,2,1.0,1,0.0,0.6666666666666666,0.0,0.0
IC02710,2,2,1.0,1,0.0,0.6666666666666666,0.0,0.0
IC02820,2,2,1.0,1,0.0,0.6666666666666666,0.0,0.0
IC03076,2,2,1.0,1,0.0,0.6666666666666666,0.0,0.0
IC02916,2,2,1.0,1,0.0,0.6666666666666666,0.0,0.0
IC02722,2,2,1.0,1,0.0,0.6666666666666666,0.0,0.0
IC02970,2,2,1.0,1,0.0,0.6666666666666666,0.0,0.0
IC02771,2,2,1.0,1,0.0,0.6666666666666666,0.0,0.0
IC03121,2,2,1.0,1,0.0,0.6666666666666666,0.0,0.0
IC02863,2,2,1.0,1,0.0,0.6666666666666666,0.0,0.0
IC03112,2,2,1.0,1,0.0,0.6666666666666666,0.0,0.0
IC03176,2,2,1.0,1,0.0,0.6666666666666666,0.0,0.0
IC02876,2,2,1.0,1,0.0,0.6666666666666666,0.0,0.0
IC03053,2,2,1.0,1,0.0,0.6666666666666666,0.0,0.0
IC02877,2,2,1.0,1,0.0,0.6666666666666666,0.0,0.0
IC02815,2,2,1.0,1,0.0,0.6666666666666666,0.0,0.0
IC03126,2,2,1.0,1,0.0,0.6666666666666666,0.0,0.0
IC02705,2,2,1.0,1,0.0,0.6666666666666666,0.0,0.0
IC02889,2,2,1.0,1,0.0,0.6666666666666666,0.0,0.0
IC02733,2,2,1.0,1,0.0,0.6666666666666666,0.0,0.0
IC02704,2,2,1.0,1,0.0,0.6666666666666666,0.0,0.0
IC02894,2,2,1.0,1,0.0,0.6666666666666666,0.0,0.0
IC03108,2,2,1.0,1,0.0,0.6666666666666666,0.0,0.0
IC02899,2,2,1.0,1,0.0,0.6666666666666666,1.0,0.3333333333333333
IC02907,2,2,1.0,1,0.0,0.6666666666666666,0.0,0.0
IC02768,2,2,1.0,1,0.0,0.6666666666666666,0.0,0.0
IC02707,2,2,1.0,1,0.0,0.6666666666666666,0.0,0.0
IC02910,2,2,1.0,1,0.0,0.6666666666666666,0.0,0.0
IC02978,2,2,1.0,1,0.0,0.6666666666666666,0.0,0.0
IC03101,2,2,1.0,1,0.0,0.6666666666666666,0.0,0.0
IC03175,2,2,1.0,1,0.0,0.6666666666666666,0.0,0.0
IC03081,2,2,1.0,1,0.0,0.6666666666666666,0.0,0.0
IC03080,2,2,1.0,1,0.0,0.6666666666666666,0.0,0.0
IC03078,2,2,1.0,1,0.0,0.6666666666666666,1.0,0.3333333333333333
IC03136,2,2,1.0,1,0.0,0.6666666666666666,0.0,0.0
IC02972,2,2,1.0,1,0.0,0.6666666666666666,0.0,0.0
IC02769,2,2,1.0,1,0.0,0.6666666666666666,0.0,0.0
IC04813,2,2,1.0,1,0.0,0.6666666666666666,1.0,0.3333333333333333
IC03192,2,2,1.0,1,0.0,0.6666666666666666,0.0,0.0
IC04643,2,2,1.0,1,0.0,0.6666666666666666,2.0,0.6666666666666666
IC04840,2,2,1.0,1,0.0,0.6666666666666666,0.0,0.0
IC04866,2,2,1.0,1,0.0,0.6666666666666666,0.0,0.0
IC04869,2,2,1.0,1,0.0,0.6666666666666666,0.0,0.0
IC04882,2,2,1.0,1,0.0,0.6666666666666666,0.0,0.0
IC04895,2,2,1.0,1,0.0,0.6666666666666666,0.0,0.0
IC04909,2,2,1.0,1,0.0,0.6666666666666666,0.0,0.0
IC04914,2,2,1.0,1,0.0,0.6666666666666666,1.0,0.3333333333333333
IC04926,2,2,1.0,1,0.0,0.6666666666666666,0.0,0.0
IC04965,2,2,1.0,1,0.0,0.6666666666666666,0.0,0.0
IC04976,2,2,1.0,1,0.0,0.6666666666666666,0.0,0.0
IC04978,2,2,1.0,1,0.0,0.6666666666666666,0.0,0.0
IC05028,2,2,1.0,1,0.0,0.6666666666666666,0.0,0.0
IC05043,2,2,1.0,1,0.0,0.6666666666666666,1.0,0.3333333333333333
IC05044,2,2,1.0,1,0.0,0.6666666666666666,0.0,0.0
IC05059,2,2,1.0,1,0.0,0.6666666666666666,0.0,0.0
IC05070,2,2,1.0,1,0.0,0.6666666666666666,0.0,0.0
IC05083,2,2,1.0,1,0.0,0.6666666666666666,0.0,0.0
IC05098,2,2,1.0,1,0.0,0.6666666666666666,0.0,0.0
IC05110,2,2,1.0,1,0.0,0.6666666666666666,0.0,0.0
IC05121,2,2,1.0,1,0.0,0.6666666666666666,0.0,0.0
IC05124,2,2,1.0,1,0.0,0.6666666666666666,0.0,0.0
IC05148,2,2,1.0,1,0.0,0.6666666666666666,0.0,0.0
IC05185,2,2,1.0,1,0.0,0.6666666666666666,2.0,0.6666666666666666
IC05186,2,2,1.0,1,0.0,0.6666666666666666,0.0,0.0
IC05252,2,2,1.0,1,0.0,0.6666666666666666,0.0,0.0
IC05260,2,2,1.0,1,0.0,0.6666666666666666,0.0,0.0
IC05263,2,2,1.0,1,0.0,0.6666666666666666,0.0,0.0
IC05265,2,2,1.0,1,0.0,0.6666666666666666,0.0,0.0
IC05295,2,2,1.0,1,0.0,0.6666666666666666,0.0,0.0
IC04833,2,2,1.0,1,0.0,0.6666666666666666,4.0,1.3333333333333333
IC04831,2,2,1.0,1,0.0,0.6666666666666666,0.0,0.0
IC04827,2,2,1.0,1,0.0,0.6666666666666666,0.0,0.0
IC04721,2,2,1.0,1,0.0,0.6666666666666666,0.0,0.0
IC04648,2,2,1.0,1,0.0,0.6666666666666666,1.0,0.3333333333333333
IC04651,2,2,1.0,1,0.0,0.6666666666666666,0.0,0.0
IC04653,2,2,1.0,1,0.0,0.6666666666666666,0.0,0.0
IC04654,2,2,1.0,1,0.0,0.6666666666666666,1.0,0.3333333333333333
IC04671,2,2,1.0,1,0.0,0.6666666666666666,0.0,0.0
IC04672,2,2,1.0,1,0.0,0.6666666666666666,1.0,0.3333333333333333
IC04673,2,2,1.0,1,0.0,0.6666666666666666,0.0,0.0
IC04674,2,2,1.0,1,0.0,0.6666666666666666,0.0,0.0
IC04684,2,2,1.0,1,0.0,0.6666666666666666,0.0,0.0
IC04688,2,2,1.0,1,0.0,0.6666666666666666,5.0,1.6666666666666667
IC04698,2,2,1.0,1,0.0,0.6666666666666666,0.0,0.0
IC04703,2,2,1.0,1,0.0,0.6666666666666666,0.0,0.0
IC04718,2,2,1.0,1,0.0,0.6666666666666666,0.0,0.0
IC04725,2,2,1.0,1,0.0,0.6666666666666666,0.0,0.0
IC04811,2,2,1.0,1,0.0,0.6666666666666666,0.0,0.0
IC04726,2,2,1.0,1,0.0,0.6666666666666666,0.0,0.0
IC04731,2,2,1.0,1,0.0,0.6666666666666666,0.0,0.0
IC04736,2,2,1.0,1,0.0,0.6666666666666666,0.0,0.0
IC04738,2,2,1.0,1,0.0,0.6666666666666666,0.0,0.0
IC04742,2,2,1.0,1,0.0,0.6666666666666666,0.0,0.0
IC04743,2,2,1.0,1,0.0,0.6666666666666666,1.0,0.3333333333333333
IC04758,2,2,1.0,1,0.0,0.6666666666666666,0.0,0.0
IC04759,2,2,1.0,1,0.0,0.6666666666666666,0.0,0.0
IC04772,2,2,1.0,1,0.0,0.6666666666666666,0.0,0.0
IC04776,2,2,1.0,1,0.0,0.6666666666666666,0.0,0.0
IC04799,2,2,1.0,1,0.0,0.6666666666666666,3.0,1.0
IC04806,2,2,1.0,1,0.0,0.6666666666666666,0.0,0.0
IC04809,2,2,1.0,1,0.0,0.6666666666666666,0.0,0.0
IC05307,2,2,1.0,1,0.0,0.6666666666666666,3.0,1.0
IC05340,2,2,1.0,1,0.0,0.6666666666666666,0.0,0.0
IC05349,2,2,1.0,1,0.0,0.6666666666666666,0.0,0.0
IC05864,2,2,1.0,1,0.0,0.6666666666666666,2.0,0.6666666666666666
IC05623,2,2,1.0,1,0.0,0.6666666666666666,0.0,0.0
IC05631,2,2,1.0,1,0.0,0.6666666666666666,0.0,0.0
IC05645,2,2,1.0,1,0.0,0.6666666666666666,0.0,0.0
IC05665,2,2,1.0,1,0.0,0.6666666666666666,0.0,0.0
IC05688,2,2,1.0,1,0.0,0.6666666666666666,0.0,0.0
IC05692,2,2,1.0,1,0.0,0.6666666666666666,0.0,0.0
IC05723,2,2,1.0,1,0.0,0.6666666666666666,0.0,0.0
IC05733,2,2,1.0,1,0.0,0.6666666666666666,0.0,0.0
IC05751,2,2,1.0,1,0.0,0.6666666666666666,0.0,0.0
IC05753,2,2,1.0,1,0.0,0.6666666666666666,2.0,0.6666666666666666
IC05786,2,2,1.0,1,0.0,0.6666666666666666,0.0,0.0
IC05790,2,2,1.0,1,0.0,0.6666666666666666,1.0,0.3333333333333333
IC05832,2,2,1.0,1,0.0,0.6666666666666666,0.0,0.0
IC05872,2,2,1.0,1,0.0,0.6666666666666666,0.0,0.0
IC05599,2,2,1.0,1,0.0,0.6666666666666666,0.0,0.0
IC05873,2,2,1.0,1,0.0,0.6666666666666666,0.0,0.0
IC05880,2,2,1.0,1,0.0,0.6666666666666666,2.0,0.6666666666666666
IC05902,2,2,1.0,1,0.0,0.6666666666666666,1.0,0.3333333333333333
IC05909,2,2,1.0,1,0.0,0.6666666666666666,0.0,0.0
IC05912,2,2,1.0,1,0.0,0.6666666666666666,0.0,0.0
IC05914,2,2,1.0,1,0.0,0.6666666666666666,0.0,0.0
IC06024,2,2,1.0,1,0.0,0.6666666666666666,1.0,0.3333333333333333
IC06050,2,2,1.0,1,0.0,0.6666666666666666,0.0,0.0
IC06075,2,2,1.0,1,0.0,0.6666666666666666,0.0,0.0
IC06126,2,2,1.0,1,0.0,0.6666666666666666,0.0,0.0
IC06145,2,2,1.0,1,0.0,0.6666666666666666,0.0,0.0
IC06170,2,2,1.0,1,0.0,0.6666666666666666,0.0,0.0
IC06221,2,2,1.0,1,0.0,0.6666666666666666,0.0,0.0
IC05602,2,2,1.0,1,0.0,0.6666666666666666,0.0,0.0
IC05598,2,2,1.0,1,0.0,0.6666666666666666,0.0,0.0
IC05353,2,2,1.0,1,0.0,0.6666666666666666,1.0,0.3333333333333333
IC05491,2,2,1.0,1,0.0,0.6666666666666666,0.0,0.0
IC05379,2,2,1.0,1,0.0,0.6666666666666666,0.0,0.0
IC05383,2,2,1.0,1,0.0,0.6666666666666666,0.0,0.0
IC05396,2,2,1.0,1,0.0,0.6666666666666666,0.0,0.0
IC05397,2,2,1.0,1,0.0,0.6666666666666666,0.0,0.0
IC05400,2,2,1.0,1,0.0,0.6666666666666666,0.0,0.0
IC05411,2,2,1.0,1,0.0,0.6666666666666666,0.0,0.0
IC05414,2,2,1.0,1,0.0,0.6666666666666666,0.0,0.0
IC05415,2,2,1.0,1,0.0,0.6666666666666666,0.0,0.0
IC05416,2,2,1.0,1,0.0,0.6666666666666666,0.0,0.0
IC05417,2,2,1.0,1,0.0,0.6666666666666666,0.0,0.0
IC05435,2,2,1.0,1,0.0,0.6666666666666666,0.0,0.0
IC05455,2,2,1.0,1,0.0,0.6666666666666666,0.0,0.0
IC05490,2,2,1.0,1,0.0,0.6666666666666666,0.0,0.0
IC05492,2,2,1.0,1,0.0,0.6666666666666666,0.0,0.0
IC05579,2,2,1.0,1,0.0,0.6666666666666666,0.0,0.0
IC05493,2,2,1.0,1,0.0,0.6666666666666666,0.0,0.0
IC05494,2,2,1.0,1,0.0,0.6666666666666666,0.0,0.0
IC05495,2,2,1.0,1,0.0,0.6666666666666666,0.0,0.0
IC05496,2,2,1.0,1,0.0,0.6666666666666666,0.0,0.0
IC05497,2,2,1.0,1,0.0,0.6666666666666666,0.0,0.0
IC05498,2,2,1.0,1,0.0,0.6666666666666666,0.0,0.0
IC05504,2,2,1.0,1,0.0,0.6666666666666666,0.0,0.0
IC05512,2,2,1.0,1,0.0,0.6666666666666666,0.0,0.0
IC05517,2,2,1.0,1,0.0,0.6666666666666666,0.0,0.0
IC05525,2,2,1.0,1,0.0,0.6666666666666666,0.0,0.0
IC05528,2,2,1.0,1,0.0,0.6666666666666666,0.0,0.0
IC05562,2,2,1.0,1,0.0,0.6666666666666666,0.0,0.0
IC05570,2,2,1.0,1,0.0,0.6666666666666666,1.0,0.3333333333333333
IC04646,2,2,1.0,1,0.0,0.6666666666666666,0.0,0.0
IC04638,2,2,1.0,1,0.0,0.6666666666666666,0.0,0.0
IC03197,2,2,1.0,1,0.0,0.6666666666666666,0.0,0.0
IC04628,2,2,1.0,1,0.0,0.6666666666666666,0.0,0.0
IC03363,2,2,1.0,1,0.0,0.6666666666666666,0.0,0.0
IC03366,2,2,1.0,1,0.0,0.6666666666666666,0.0,0.0
IC03372,2,2,1.0,1,0.0,0.6666666666666666,0.0,0.0
IC03385,2,2,1.0,1,0.0,0.6666666666666666,0.0,0.0
IC03397,2,2,1.0,1,0.0,0.6666666666666666,0.0,0.0
IC03416,2,2,1.0,1,0.0,0.6666666666666666,0.0,0.0
IC03425,2,2,1.0,1,0.0,0.6666666666666666,0.0,0.0
IC03426,2,2,1.0,1,0.0,0.6666666666666666,0.0,0.0
IC03436,2,2,1.0,1,0.0,0.6666666666666666,0.0,0.0
IC03437,2,2,1.0,1,0.0,0.6666666666666666,0.0,0.0
IC03449,2,2,1.0,1,0.0,0.6666666666666666,0.0,0.0
IC03453,2,2,1.0,1,0.0,0.6666666666666666,0.0,0.0
IC03468,2,2,1.0,1,0.0,0.6666666666666666,0.0,0.0
IC03476,2,2,1.0,1,0.0,0.6666666666666666,0.0,0.0
IC03487,2,2,1.0,1,0.0,0.6666666666666666,0.0,0.0
IC03489,2,2,1.0,1,0.0,0.6666666666666666,0.0,0.0
IC03498,2,2,1.0,1,0.0,0.6666666666666666,0.0,0.0
IC03502,2,2,1.0,1,0.0,0.6666666666666666,0.0,0.0
IC03504,2,2,1.0,1,0.0,0.6666666666666666,1.0,0.3333333333333333
IC03505,2,2,1.0,1,0.0,0.6666666666666666,3.0,1.0
IC03513,2,2,1.0,1,0.0,0.6666666666666666,0.0,0.0
IC03523,2,2,1.0,1,0.0,0.6666666666666666,0.0,0.0
IC03524,2,2,1.0,1,0.0,0.6666666666666666,0.0,0.0
IC03526,2,2,1.0,1,0.0,0.6666666666666666,0.0,0.0
IC03528,2,2,1.0,1,0.0,0.6666666666666666,1.0,0.3333333333333333
IC03535,2,2,1.0,1,0.0,0.6666666666666666,0.0,0.0
IC03536,2,2,1.0,1,0.0,0.6666666666666666,0.0,0.0
IC03540,2,2,1.0,1,0.0,0.6666666666666666,0.0,0.0
IC03544,2,2,1.0,1,0.0,0.6666666666666666,0.0,0.0
IC03354,2,2,1.0,1,0.0,0.6666666666666666,0.0,0.0
IC03347,2,2,1.0,1,0.0,0.6666666666666666,0.0,0.0
IC03339,2,2,1.0,1,0.0,0.6666666666666666,0.0,0.0
IC03268,2,2,1.0,1,0.0,0.6666666666666666,0.0,0.0
IC03200,2,2,1.0,1,0.0,0.6666666666666666,0.0,0.0
IC03210,2,2,1.0,1,0.0,0.6666666666666666,0.0,0.0
IC03217,2,2,1.0,1,0.0,0.6666666666666666,1.0,0.3333333333333333
IC03219,2,2,1.0,1,0.0,0.6666666666666666,1.0,0.3333333333333333
IC03222,2,2,1.0,1,0.0,0.6666666666666666,0.0,0.0
IC03224,2,2,1.0,1,0.0,0.6666666666666666,0.0,0.0
IC03227,2,2,1.0,1,0.0,0.6666666666666666,0.0,0.0
IC03229,2,2,1.0,1,0.0,0.6666666666666666,2.0,0.6666666666666666
IC03234,2,2,1.0,1,0.0,0.6666666666666666,1.0,0.3333333333333333
IC03240,2,2,1.0,1,0.0,0.6666666666666666,0.0,0.0
IC03252,2,2,1.0,1,0.0,0.6666666666666666,0.0,0.0
IC03255,2,2,1.0,1,0.0,0.6666666666666666,0.0,0.0
IC03266,2,2,1.0,1,0.0,0.6666666666666666,0.0,0.0
IC03270,2,2,1.0,1,0.0,0.6666666666666666,0.0,0.0
IC03336,2,2,1.0,1,0.0,0.6666666666666666,1.0,0.3333333333333333
IC03281,2,2,1.0,1,0.0,0.6666666666666666,0.0,0.0
IC03287,2,2,1.0,1,0.0,0.6666666666666666,0.0,0.0
IC03299,2,2,1.0,1,0.0,0.6666666666666666,0.0,0.0
IC03302,2,2,1.0,1,0.0,0.6666666666666666,0.0,0.0
IC03303,2,2,1.0,1,0.0,0.6666666666666666,0.0,0.0
IC03307,2,2,1.0,1,0.0,0.6666666666666666,0.0,0.0
IC03309,2,2,1.0,1,0.0,0.6666666666666666,0.0,0.0
IC03312,2,2,1.0,1,0.0,0.6666666666666666,0.0,0.0
IC03314,2,2,1.0,1,0.0,0.6666666666666666,0.0,0.0
IC03319,2,2,1.0,1,0.0,0.6666666666666666,1.0,0.3333333333333333
IC03324,2,2,1.0,1,0.0,0.6666666666666666,0.0,0.0
IC03325,2,2,1.0,1,0.0,0.6666666666666666,0.0,0.0
IC03334,2,2,1.0,1,0.0,0.6666666666666666,0.0,0.0
IC03560,2,2,1.0,1,0.0,0.6666666666666666,1.0,0.3333333333333333
IC03566,2,2,1.0,1,0.0,0.6666666666666666,1.0,0.3333333333333333
IC03581,2,2,1.0,1,0.0,0.6666666666666666,0.0,0.0
IC04166,2,2,1.0,1,0.0,0.6666666666666666,0.0,0.0
IC03943,2,2,1.0,1,0.0,0.6666666666666666,0.0,0.0
IC03983,2,2,1.0,1,0.0,0.6666666666666666,0.0,0.0
IC03993,2,2,1.0,1,0.0,0.6666666666666666,0.0,0.0
IC04044,2,2,1.0,1,0.0,0.6666666666666666,0.0,0.0
IC04053,2,2,1.0,1,0.0,0.6666666666666666,2.0,0.6666666666666666
IC04056,2,2,1.0,1,0.0,0.6666666666666666,2.0,0.6666666666666666
IC04058,2,2,1.0,1,0.0,0.6666666666666666,6.0,2.0
IC04061,2,2,1.0,1,0.0,0.6666666666666666,0.0,0.0
IC04062,2,2,1.0,1,0.0,0.6666666666666666,0.0,0.0
IC04098,2,2,1.0,1,0.0,0.6666666666666666,1.0,0.3333333333333333
IC04110,2,2,1.0,1,0.0,0.6666666666666666,0.0,0.0
IC04119,2,2,1.0,1,0.0,0.6666666666666666,0.0,0.0
IC04134,2,2,1.0,1,0.0,0.6666666666666666,0.0,0.0
IC04171,2,2,1.0,1,0.0,0.6666666666666666,0.0,0.0
IC03889,2,2,1.0,1,0.0,0.6666666666666666,0.0,0.0
IC04179,2,2,1.0,1,0.0,0.6666666666666666,1.0,0.3333333333333333
IC04189,2,2,1.0,1,0.0,0.6666666666666666,0.0,0.0
IC04211,2,2,1.0,1,0.0,0.6666666666666666,0.0,0.0
IC04248,2,2,1.0,1,0.0,0.6666666666666666,0.0,0.0
IC04387,2,2,1.0,1,0.0,0.6666666666666666,0.0,0.0
IC04424,2,2,1.0,1,0.0,0.6666666666666666,0.0,0.0
IC04441,2,2,1.0,1,0.0,0.6666666666666666,0.0,0.0
IC04476,2,2,1.0,1,0.0,0.6666666666666666,0.0,0.0
IC04508,2,2,1.0,1,0.0,0.6666666666666666,0.0,0.0
IC04544,2,2,1.0,1,0.0,0.6666666666666666,2.0,0.6666666666666666
IC04557,2,2,1.0,1,0.0,0.6666666666666666,1.0,0.3333333333333333
IC04589,2,2,1.0,1,0.0,0.6666666666666666,0.0,0.0
IC04602,2,2,1.0,1,0.0,0.6666666666666666,0.0,0.0
IC03908,2,2,1.0,1,0.0,0.6666666666666666,0.0,0.0
IC03874,2,2,1.0,1,0.0,0.6666666666666666,0.0,0.0
IC03587,2,2,1.0,1,0.0,0.6666666666666666,2.0,0.6666666666666666
IC03696,2,2,1.0,1,0.0,0.6666666666666666,0.0,0.0
IC03594,2,2,1.0,1,0.0,0.6666666666666666,0.0,0.0
IC03597,2,2,1.0,1,0.0,0.6666666666666666,1.0,0.3333333333333333
IC03601,2,2,1.0,1,0.0,0.6666666666666666,0.0,0.0
IC03606,2,2,1.0,1,0.0,0.6666666666666666,0.0,0.0
IC03608,2,2,1.0,1,0.0,0.6666666666666666,0.0,0.0
IC03626,2,2,1.0,1,0.0,0.6666666666666666,2.0,0.6666666666666666
IC03639,2,2,1.0,1,0.0,0.6666666666666666,0.0,0.0
IC03645,2,2,1.0,1,0.0,0.6666666666666666,0.0,0.0
IC03646,2,2,1.0,1,0.0,0.6666666666666666,0.0,0.0
IC03652,2,2,1.0,1,0.0,0.6666666666666666,0.0,0.0
IC03653,2,2,1.0,1,0.0,0.6666666666666666,0.0,0.0
IC03677,2,2,1.0,1,0.0,0.6666666666666666,0.0,0.0
IC03678,2,2,1.0,1,0.0,0.6666666666666666,1.0,0.3333333333333333
IC03722,2,2,1.0,1,0.0,0.6666666666666666,4.0,1.3333333333333333
IC03872,2,2,1.0,1,0.0,0.6666666666666666,0.0,0.0
IC03723,2,2,1.0,1,0.0,0.6666666666666666,0.0,0.0
IC03763,2,2,1.0,1,0.0,0.6666666666666666,0.0,0.0
IC03767,2,2,1.0,1,0.0,0.6666666666666666,0.0,0.0
IC03780,2,2,1.0,1,0.0,0.6666666666666666,1.0,0.3333333333333333
IC03784,2,2,1.0,1,0.0,0.6666666666666666,2.0,0.6666666666666666
IC03791,2,2,1.0,1,0.0,0.6666666666666666,0.0,0.0
IC03800,2,2,1.0,1,0.0,0.6666666666666666,0.0,0.0
IC03813,2,2,1.0,1,0.0,0.6666666666666666,1.0,0.3333333333333333
IC03816,2,2,1.0,1,0.0,0.6666666666666666,0.0,0.0
IC03823,2,2,1.0,1,0.0,0.6666666666666666,0.0,0.0
IC03828,2,2,1.0,1,0.0,0.6666666666666666,0.0,0.0
IC03839,2,2,1.0,1,0.0,0.6666666666666666,0.0,0.0
IC03864,2,2,1.0,1,0.0,0.6666666666666666,0.0,0.0
IC02671,2,2,1.0,1,0.0,0.6666666666666666,0.0,0.0
IC09316,2,2,1.0,1,0.0,0.6666666666666666,0.0,0.0
IC01949,2,2,1.0,1,0.0,0.6666666666666666,0.0,0.0
IC01455,2,2,1.0,1,0.0,0.6666666666666666,0.0,0.0
IC01456,2,2,1.0,1,0.0,0.6666666666666666,0.0,0.0
IC02270,2,2,1.0,1,0.0,0.6666666666666666,0.0,0.0
IC02271,2,2,1.0,1,0.0,0.6666666666666666,1.0,0.3333333333333333
IC02449,2,2,1.0,1,0.0,0.6666666666666666,0.0,0.0
IC01457,2,2,1.0,1,0.0,0.6666666666666666,0.0,0.0
IC01460,2,2,1.0,1,0.0,0.6666666666666666,1.0,0.3333333333333333
IC00795,2,2,1.0,1,0.0,0.6666666666666666,0.0,0.0
IC00773,2,2,1.0,1,0.0,0.6666666666666666,2.0,0.6666666666666666
IC01462,2,2,1.0,1,0.0,0.6666666666666666,1.0,0.3333333333333333
IC01463,2,2,1.0,1,0.0,0.6666666666666666,0.0,0.0
IC02101,2,2,1.0,1,0.0,0.6666666666666666,0.0,0.0
IC00614,2,2,1.0,1,0.0,0.6666666666666666,0.0,0.0
IC01469,2,2,1.0,1,0.0,0.6666666666666666,0.0,0.0
IC02442,2,2,1.0,1,0.0,0.6666666666666666,0.0,0.0
IC01073,2,2,1.0,1,0.0,0.6666666666666666,0.0,0.0
IC01472,2,2,1.0,1,0.0,0.6666666666666666,1.0,0.3333333333333333
IC00887,2,2,1.0,1,0.0,0.6666666666666666,0.0,0.0
IC02433,2,2,1.0,1,0.0,0.6666666666666666,0.0,0.0
IC02043,2,2,1.0,1,0.0,0.6666666666666666,0.0,0.0
IC02045,2,2,1.0,1,0.0,0.6666666666666666,0.0,0.0
IC02046,2,2,1.0,1,0.0,0.6666666666666666,0.0,0.0
IC01480,2,2,1.0,1,0.0,0.6666666666666666,0.0,0.0
IC00904,2,2,1.0,1,0.0,0.6666666666666666,1.0,0.3333333333333333
IC01058,2,2,1.0,1,0.0,0.6666666666666666,0.0,0.0
IC00767,2,2,1.0,1,0.0,0.6666666666666666,0.0,0.0
IC00621,2,2,1.0,1,0.0,0.6666666666666666,0.0,0.0
IC00798,2,2,1.0,1,0.0,0.6666666666666666,0.0,0.0
IC00067,2,2,1.0,1,0.0,0.6666666666666666,1.0,0.3333333333333333
IC00907,2,2,1.0,1,0.0,0.6666666666666666,1.0,0.3333333333333333
IC02452,2,2,1.0,1,0.0,0.6666666666666666,0.0,0.0
IC01079,2,2,1.0,1,0.0,0.6666666666666666,0.0,0.0
IC02493,2,2,1.0,1,0.0,0.6666666666666666,0.0,0.0
IC02454,2,2,1.0,1,0.0,0.6666666666666666,0.0,0.0
IC00839,2,2,1.0,1,0.0,0.6666666666666666,1.0,0.3333333333333333
IC00775,2,2,1.0,1,0.0,0.6666666666666666,0.0,0.0
IC00551,2,2,1.0,1,0.0,0.6666666666666666,0.0,0.0
IC01107,2,2,1.0,1,0.0,0.6666666666666666,0.0,0.0
IC01106,2,2,1.0,1,0.0,0.6666666666666666,0.0,0.0
IC02112,2,2,1.0,1,0.0,0.6666666666666666,0.0,0.0
IC00588,2,2,1.0,1,0.0,0.6666666666666666,4.0,1.3333333333333333
IC00589,2,2,1.0,1,0.0,0.6666666666666666,0.0,0.0
IC01830,2,2,1.0,1,0.0,0.6666666666666666,0.0,0.0
IC02251,2,2,1.0,1,0.0,0.6666666666666666,0.0,0.0
IC02252,2,2,1.0,1,0.0,0.6666666666666666,0.0,0.0
IC00596,2,2,1.0,1,0.0,0.6666666666666666,1.0,0.3333333333333333
IC01392,2,2,1.0,1,0.0,0.6666666666666666,0.0,0.0
IC01713,2,2,1.0,1,0.0,0.6666666666666666,0.0,0.0
IC00598,2,2,1.0,1,0.0,0.6666666666666666,1.0,0.3333333333333333
IC01401,2,2,1.0,1,0.0,0.6666666666666666,0.0,0.0
IC00774,2,2,1.0,1,0.0,0.6666666666666666,0.0,0.0
IC01411,2,2,1.0,1,0.0,0.6666666666666666,0.0,0.0
IC01416,2,2,1.0,1,0.0,0.6666666666666666,0.0,0.0
IC00817,2,2,1.0,1,0.0,0.6666666666666666,0.0,0.0
IC00865,2,2,1.0,1,0.0,0.6666666666666666,9.0,3.0
IC02464,2,2,1.0,1,0.0,0.6666666666666666,0.0,0.0
IC02039,2,2,1.0,1,0.0,0.6666666666666666,0.0,0.0
IC02105,2,2,1.0,1,0.0,0.6666666666666666,0.0,0.0
IC02266,2,2,1.0,1,0.0,0.6666666666666666,0.0,0.0
IC01452,2,2,1.0,1,0.0,0.6666666666666666,3.0,1.0
IC02267,2,2,1.0,1,0.0,0.6666666666666666,0.0,0.0
IC02458,2,2,1.0,1,0.0,0.6666666666666666,0.0,0.0
IC01807,2,2,1.0,1,0.0,0.6666666666666666,0.0,0.0
IC02050,2,2,1.0,1,0.0,0.6666666666666666,1.0,0.3333333333333333
IC02406,2,2,1.0,1,0.0,0.6666666666666666,0.0,0.0
IC02054,2,2,1.0,1,0.0,0.6666666666666666,0.0,0.0
IC01796,2,2,1.0,1,0.0,0.6666666666666666,0.0,0.0
IC01521,2,2,1.0,1,0.0,0.6666666666666666,0.0,0.0
IC00944,2,2,1.0,1,0.0,0.6666666666666666,0.0,0.0
IC01001,2,2,1.0,1,0.0,0.6666666666666666,0.0,0.0
IC02299,2,2,1.0,1,0.0,0.6666666666666666,0.0,0.0
IC00279,2,2,1.0,1,0.0,0.6666666666666666,1.0,0.3333333333333333
IC00988,2,2,1.0,1,0.0,0.6666666666666666,0.0,0.0
IC02302,2,2,1.0,1,0.0,0.6666666666666666,0.0,0.0
IC00986,2,2,1.0,1,0.0,0.6666666666666666,0.0,0.0
IC00985,2,2,1.0,1,0.0,0.6666666666666666,0.0,0.0
IC00977,2,2,1.0,1,0.0,0.6666666666666666,1.0,0.3333333333333333
IC01566,2,2,1.0,1,0.0,0.6666666666666666,0.0,0.0
IC01687,2,2,1.0,1,0.0,0.6666666666666666,0.0,0.0
IC00333,2,2,1.0,1,0.0,0.6666666666666666,0.0,0.0
IC00335,2,2,1.0,1,0.0,0.6666666666666666,1.0,0.3333333333333333
IC00976,2,2,1.0,1,0.0,0.6666666666666666,0.0,0.0
IC01696,2,2,1.0,1,0.0,0.6666666666666666,0.0,0.0
IC01703,2,2,1.0,1,0.0,0.6666666666666666,1.0,0.3333333333333333
IC01541,2,2,1.0,1,0.0,0.6666666666666666,0.0,0.0
IC01707,2,2,1.0,1,0.0,0.6666666666666666,0.0,0.0
IC02309,2,2,1.0,1,0.0,0.6666666666666666,0.0,0.0
IC00811,2,2,1.0,1,0.0,0.6666666666666666,0.0,0.0
IC00812,2,2,1.0,1,0.0,0.6666666666666666,0.0,0.0
IC01727,2,2,1.0,1,0.0,0.6666666666666666,1.0,0.3333333333333333
IC01548,2,2,1.0,1,0.0,0.6666666666666666,0.0,0.0
IC01725,2,2,1.0,1,0.0,0.6666666666666666,0.0,0.0
IC01550,2,2,1.0,1,0.0,0.6666666666666666,0.0,0.0
IC00338,2,2,1.0,1,0.0,0.6666666666666666,0.0,0.0
IC01709,2,2,1.0,1,0.0,0.6666666666666666,0.0,0.0
IC02079,2,2,1.0,1,0.0,0.6666666666666666,0.0,0.0
IC00941,2,2,1.0,1,0.0,0.6666666666666666,6.0,2.0
IC00814,2,2,1.0,1,0.0,0.6666666666666666,0.0,0.0
IC01008,2,2,1.0,1,0.0,0.6666666666666666,0.0,0.0
IC02057,2,2,1.0,1,0.0,0.6666666666666666,0.0,0.0
IC01580,2,2,1.0,1,0.0,0.6666666666666666,0.0,0.0
IC00908,2,2,1.0,1,0.0,0.6666666666666666,3.0,1.0
IC00753,2,2,1.0,1,0.0,0.6666666666666666,0.0,0.0
IC00919,2,2,1.0,1,0.0,0.6666666666666666,2.0,0.6666666666666666
IC01681,2,2,1.0,1,0.0,0.6666666666666666,0.0,0.0
IC01041,2,2,1.0,1,0.0,0.6666666666666666,1.0,0.3333333333333333
IC00804,2,2,1.0,1,0.0,0.6666666666666666,0.0,0.0
IC02398,2,2,1.0,1,0.0,0.6666666666666666,0.0,0.0
IC00805,2,2,1.0,1,0.0,0.6666666666666666,0.0,0.0
IC01036,2,2,1.0,1,0.0,0.6666666666666666,0.0,0.0
IC00806,2,2,1.0,1,0.0,0.6666666666666666,1.0,0.3333333333333333
IC01484,2,2,1.0,1,0.0,0.6666666666666666,0.0,0.0
IC02055,2,2,1.0,1,0.0,0.6666666666666666,2.0,0.6666666666666666
IC02392,2,2,1.0,1,0.0,0.6666666666666666,0.0,0.0
IC01570,2,2,1.0,1,0.0,0.6666666666666666,0.0,0.0
IC02390,2,2,1.0,1,0.0,0.6666666666666666,0.0,0.0
IC00808,2,2,1.0,1,0.0,0.6666666666666666,0.0,0.0
IC01784,2,2,1.0,1,0.0,0.6666666666666666,0.0,0.0
IC00810,2,2,1.0,1,0.0,0.6666666666666666,0.0,0.0
IC02287,2,2,1.0,1,0.0,0.6666666666666666,0.0,0.0
IC01766,2,2,1.0,1,0.0,0.6666666666666666,0.0,0.0
IC01685,2,2,1.0,1,0.0,0.6666666666666666,0.0,0.0
IC01573,2,2,1.0,1,0.0,0.6666666666666666,0.0,0.0
IC02092,2,2,1.0,1,0.0,0.6666666666666666,1.0,0.3333333333333333
IC02293,2,2,1.0,1,0.0,0.6666666666666666,0.0,0.0
IC01571,2,2,1.0,1,0.0,0.6666666666666666,1.0,0.3333333333333333
IC01502,2,2,1.0,1,0.0,0.6666666666666666,0.0,0.0
IC01013,2,2,1.0,1,0.0,0.6666666666666666,0.0,0.0
IC00776,2,2,1.0,1,0.0,0.6666666666666666,1.0,0.3333333333333333
IC02253,2,2,1.0,1,0.0,0.6666666666666666,2.0,0.6666666666666666
IC02546,2,2,1.0,1,0.0,0.6666666666666666,0.0,0.0
IC01230,2,2,1.0,1,0.0,0.6666666666666666,1.0,0.3333333333333333
IC01173,2,2,1.0,1,0.0,0.6666666666666666,0.0,0.0
IC00524,2,2,1.0,1,0.0,0.6666666666666666,0.0,0.0
IC02173,2,2,1.0,1,0.0,0.6666666666666666,0.0,0.0
IC01915,2,2,1.0,1,0.0,0.6666666666666666,0.0,0.0
IC02134,2,2,1.0,1,0.0,0.6666666666666666,4.0,1.3333333333333333
IC01172,2,2,1.0,1,0.0,0.6666666666666666,0.0,0.0
IC01995,2,2,1.0,1,0.0,0.6666666666666666,0.0,0.0
IC01171,2,2,1.0,1,0.0,0.6666666666666666,0.0,0.0
IC01996,2,2,1.0,1,0.0,0.6666666666666666,0.0,0.0
IC01902,2,2,1.0,1,0.0,0.6666666666666666,4.0,1.3333333333333333
IC02180,2,2,1.0,1,0.0,0.6666666666666666,0.0,0.0
IC02554,2,2,1.0,1,0.0,0.6666666666666666,0.0,0.0
IC02553,2,2,1.0,1,0.0,0.6666666666666666,1.0,0.3333333333333333
IC02181,2,2,1.0,1,0.0,0.6666666666666666,0.0,0.0
IC02137,2,2,1.0,1,0.0,0.6666666666666666,1.0,0.3333333333333333
IC01672,2,2,1.0,1,0.0,0.6666666666666666,0.0,0.0
IC00787,2,2,1.0,1,0.0,0.6666666666666666,0.0,0.0
IC01999,2,2,1.0,1,0.0,0.6666666666666666,0.0,0.0
IC02036,2,2,1.0,1,0.0,0.6666666666666666,0.0,0.0
IC00788,2,2,1.0,1,0.0,0.6666666666666666,0.0,0.0
IC02543,2,2,1.0,1,0.0,0.6666666666666666,0.0,0.0
IC00433,2,2,1.0,1,0.0,0.6666666666666666,1.0,0.3333333333333333
IC00849,2,2,1.0,1,0.0,0.6666666666666666,0.0,0.0
IC02201,2,2,1.0,1,0.0,0.6666666666666666,0.0,0.0
IC01662,2,2,1.0,1,0.0,0.6666666666666666,0.0,0.0
IC02534,2,2,1.0,1,0.0,0.6666666666666666,0.0,0.0
IC02533,2,2,1.0,1,0.0,0.6666666666666666,0.0,0.0
IC02202,2,2,1.0,1,0.0,0.6666666666666666,0.0,0.0
IC01985,2,2,1.0,1,0.0,0.6666666666666666,0.0,0.0
IC02138,2,2,1.0,1,0.0,0.6666666666666666,0.0,0.0
IC01650,2,2,1.0,1,0.0,0.6666666666666666,0.0,0.0
IC02648,2,2,1.0,1,0.0,0.6666666666666666,3.0,1.0
IC00529,2,2,1.0,1,0.0,0.6666666666666666,0.0,0.0
IC01946,2,2,1.0,1,0.0,0.6666666666666666,0.0,0.0
IC02658,2,2,1.0,1,0.0,0.6666666666666666,0.0,0.0
IC02145,2,2,1.0,1,0.0,0.6666666666666666,0.0,0.0
IC01959,2,2,1.0,1,0.0,0.6666666666666666,1.0,0.3333333333333333
IC01966,2,2,1.0,1,0.0,0.6666666666666666,4.0,1.3333333333333333
IC01945,2,2,1.0,1,0.0,0.6666666666666666,0.0,0.0
IC00851,2,2,1.0,1,0.0,0.6666666666666666,0.0,0.0
IC02653,2,2,1.0,1,0.0,0.6666666666666666,1.0,0.3333333333333333
IC02154,2,2,1.0,1,0.0,0.6666666666666666,0.0,0.0
IC00783,2,2,1.0,1,0.0,0.6666666666666666,0.0,0.0
IC00780,2,2,1.0,1,0.0,0.6666666666666666,0.0,0.0
IC02140,2,2,1.0,1,0.0,0.6666666666666666,4.0,1.3333333333333333
IC00784,2,2,1.0,1,0.0,0.6666666666666666,0.0,0.0
IC02160,2,2,1.0,1,0.0,0.6666666666666666,0.0,0.0
IC01936,2,2,1.0,1,0.0,0.6666666666666666,0.0,0.0
IC01935,2,2,1.0,1,0.0,0.6666666666666666,0.0,0.0
IC01980,2,2,1.0,1,0.0,0.6666666666666666,0.0,0.0
IC01933,2,2,1.0,1,0.0,0.6666666666666666,0.0,0.0
IC01931,2,2,1.0,1,0.0,0.6666666666666666,0.0,0.0
IC00064,2,2,1.0,1,0.0,0.6666666666666666,0.0,0.0
IC00786,2,2,1.0,1,0.0,0.6666666666666666,0.0,0.0
IC01178,2,2,1.0,1,0.0,0.6666666666666666,0.0,0.0
IC02631,2,2,1.0,1,0.0,0.6666666666666666,0.0,0.0
IC02630,2,2,1.0,1,0.0,0.6666666666666666,0.0,0.0
IC01177,2,2,1.0,1,0.0,0.6666666666666666,0.0,0.0
IC00850,2,2,1.0,1,0.0,0.6666666666666666,0.0,0.0
IC01187,2,2,1.0,1,0.0,0.6666666666666666,0.0,0.0
IC02006,2,2,1.0,1,0.0,0.6666666666666666,0.0,0.0
IC01710,2,2,1.0,1,0.0,0.6666666666666666,0.0,0.0
IC01116,2,2,1.0,1,0.0,0.6666666666666666,0.0,0.0
IC02027,2,2,1.0,1,0.0,0.6666666666666666,1.0,0.3333333333333333
IC02209,2,2,1.0,1,0.0,0.6666666666666666,0.0,0.0
IC02521,2,2,1.0,1,0.0,0.6666666666666666,0.0,0.0
IC02501,2,2,1.0,1,0.0,0.6666666666666666,1.0,0.3333333333333333
IC01126,2,2,1.0,1,0.0,0.6666666666666666,1.0,0.3333333333333333
IC00422,2,2,1.0,1,0.0,0.6666666666666666,0.0,0.0
IC00841,2,2,1.0,1,0.0,0.6666666666666666,0.0,0.0
IC02509,2,2,1.0,1,0.0,0.6666666666666666,0.0,0.0
IC01344,2,2,1.0,1,0.0,0.6666666666666666,1.0,0.3333333333333333
IC02124,2,2,1.0,1,0.0,0.6666666666666666,2.0,0.6666666666666666
IC01308,2,2,1.0,1,0.0,0.6666666666666666,0.0,0.0
IC00535,2,2,1.0,1,0.0,0.6666666666666666,4.0,1.3333333333333333
IC01109,2,2,1.0,1,0.0,0.6666666666666666,2.0,0.6666666666666666
IC02229,2,2,1.0,1,0.0,0.6666666666666666,2.0,0.6666666666666666
IC02030,2,2,1.0,1,0.0,0.6666666666666666,0.0,0.0
IC02121,2,2,1.0,1,0.0,0.6666666666666666,24.0,8.0
IC00855,2,2,1.0,1,0.0,0.6666666666666666,0.0,0.0
IC02499,2,2,1.0,1,0.0,0.6666666666666666,1.0,0.3333333333333333
IC02021,2,2,1.0,1,0.0,0.6666666666666666,0.0,0.0
IC01843,2,2,1.0,1,0.0,0.6666666666666666,0.0,0.0
IC01299,2,2,1.0,1,0.0,0.6666666666666666,2.0,0.6666666666666666
IC01115,2,2,1.0,1,0.0,0.6666666666666666,2.0,0.6666666666666666
IC01366,2,2,1.0,1,0.0,0.6666666666666666,0.0,0.0
IC01271,2,2,1.0,1,0.0,0.6666666666666666,0.0,0.0
IC00777,2,2,1.0,1,0.0,0.6666666666666666,0.0,0.0
IC02495,2,2,1.0,1,0.0,0.6666666666666666,0.0,0.0
IC02125,2,2,1.0,1,0.0,0.6666666666666666,0.0,0.0
IC01280,2,2,1.0,1,0.0,0.6666666666666666,1.0,0.3333333333333333
IC01288,2,2,1.0,1,0.0,0.6666666666666666,0.0,0.0
IC01350,2,2,1.0,1,0.0,0.6666666666666666,0.0,0.0
IC02024,2,2,1.0,1,0.0,0.6666666666666666,0.0,0.0
IC02664,2,2,1.0,1,0.0,0.6666666666666666,1.0,0.3333333333333333
IC02023,2,2,1.0,1,0.0,0.6666666666666666,0.0,0.0
IC00372,2,2,1.0,1,0.0,0.6666666666666666,0.0,0.0
IC02033,2,2,1.0,1,0.0,0.6666666666666666,0.0,0.0
IC01122,2,2,1.0,1,0.0,0.6666666666666666,0.0,0.0
IC05404,1,1,1.0,1,0.0,0.5,0.0,0.0
IC00820,1,1,1.0,1,0.0,0.5,4.0,2.0
IC00824,1,1,1.0,1,0.0,0.5,0.0,0.0
IC05442,1,1,1.0,1,0.0,0.5,0.0,0.0
IC05381,1,1,1.0,1,0.0,0.5,0.0,0.0
IC00819,1,1,1.0,1,0.0,0.5,0.0,0.0
IC05443,1,1,1.0,1,0.0,0.5,0.0,0.0
IC05426,1,1,1.0,1,0.0,0.5,0.0,0.0
IC05444,1,1,1.0,1,0.0,0.5,0.0,0.0
IC05405,1,1,1.0,1,0.0,0.5,0.0,0.0
IC05376,1,1,1.0,1,0.0,0.5,0.0,0.0
IC05412,1,1,1.0,1,0.0,0.5,0.0,0.0
IC05413,1,1,1.0,1,0.0,0.5,0.0,0.0
IC05409,1,1,1.0,1,0.0,0.5,0.0,0.0
IC05408,1,1,1.0,1,0.0,0.5,0.0,0.0
IC05377,1,1,1.0,1,0.0,0.5,0.0,0.0
IC05378,1,1,1.0,1,0.0,0.5,0.0,0.0
IC05450,1,1,1.0,1,0.0,0.5,0.0,0.0
IC05407,1,1,1.0,1,0.0,0.5,0.0,0.0
IC05380,1,1,1.0,1,0.0,0.5,0.0,0.0
IC05449,1,1,1.0,1,0.0,0.5,0.0,0.0
IC05448,1,1,1.0,1,0.0,0.5,0.0,0.0
IC05447,1,1,1.0,1,0.0,0.5,0.0,0.0
IC05406,1,1,1.0,1,0.0,0.5,0.0,0.0
IC05445,1,1,1.0,1,0.0,0.5,0.0,0.0
IC05446,1,1,1.0,1,0.0,0.5,0.0,0.0
IC05437,1,1,1.0,1,0.0,0.5,0.0,0.0
IC05382,1,1,1.0,1,0.0,0.5,0.0,0.0
IC05431,1,1,1.0,1,0.0,0.5,0.0,0.0
IC05422,1,1,1.0,1,0.0,0.5,0.0,0.0
IC05433,1,1,1.0,1,0.0,0.5,0.0,0.0
IC05391,1,1,1.0,1,0.0,0.5,0.0,0.0
IC05398,1,1,1.0,1,0.0,0.5,0.0,0.0
IC05392,1,1,1.0,1,0.0,0.5,0.0,0.0
IC05423,1,1,1.0,1,0.0,0.5,0.0,0.0
IC05432,1,1,1.0,1,0.0,0.5,1.0,0.5
IC05394,1,1,1.0,1,0.0,0.5,1.0,0.5
IC05440,1,1,1.0,1,0.0,0.5,0.0,0.0
IC05395,1,1,1.0,1,0.0,0.5,0.0,0.0
IC05429,1,1,1.0,1,0.0,0.5,0.0,0.0
IC05424,1,1,1.0,1,0.0,0.5,0.0,0.0
IC05425,1,1,1.0,1,0.0,0.5,0.0,0.0
IC05428,1,1,1.0,1,0.0,0.5,0.0,0.0
IC05427,1,1,1.0,1,0.0,0.5,0.0,0.0
IC00843,1,1,1.0,1,0.0,0.5,0.0,0.0
IC05434,1,1,1.0,1,0.0,0.5,0.0,0.0
IC05399,1,1,1.0,1,0.0,0.5,0.0,0.0
IC05390,1,1,1.0,1,0.0,0.5,1.0,0.5
IC05421,1,1,1.0,1,0.0,0.5,0.0,0.0
IC05418,1,1,1.0,1,0.0,0.5,0.0,0.0
IC05439,1,1,1.0,1,0.0,0.5,0.0,0.0
IC05384,1,1,1.0,1,0.0,0.5,0.0,0.0
IC05438,1,1,1.0,1,0.0,0.5,0.0,0.0
IC05436,1,1,1.0,1,0.0,0.5,0.0,0.0
IC05403,1,1,1.0,1,0.0,0.5,0.0,0.0
IC05385,1,1,1.0,1,0.0,0.5,0.0,0.0
IC00816,1,1,1.0,1,0.0,0.5,0.0,0.0
IC05419,1,1,1.0,1,0.0,0.5,0.0,0.0
IC05402,1,1,1.0,1,0.0,0.5,0.0,0.0
IC05386,1,1,1.0,1,0.0,0.5,0.0,0.0
IC05387,1,1,1.0,1,0.0,0.5,0.0,0.0
IC05388,1,1,1.0,1,0.0,0.5,0.0,0.0
IC05420,1,1,1.0,1,0.0,0.5,0.0,0.0
IC05401,1,1,1.0,1,0.0,0.5,0.0,0.0
IC05410,1,1,1.0,1,0.0,0.5,0.0,0.0
IC00800,1,1,1.0,1,0.0,0.5,0.0,0.0
IC05452,1,1,1.0,1,0.0,0.5,0.0,0.0
IC05534,1,1,1.0,1,0.0,0.5,0.0,0.0
IC05554,1,1,1.0,1,0.0,0.5,1.0,0.5
IC05555,1,1,1.0,1,0.0,0.5,0.0,0.0
IC05556,1,1,1.0,1,0.0,0.5,0.0,0.0
IC05557,1,1,1.0,1,0.0,0.5,0.0,0.0
IC05558,1,1,1.0,1,0.0,0.5,0.0,0.0
IC05559,1,1,1.0,1,0.0,0.5,0.0,0.0
IC05560,1,1,1.0,1,0.0,0.5,0.0,0.0
IC05561,1,1,1.0,1,0.0,0.5,0.0,0.0
IC00792,1,1,1.0,1,0.0,0.5,0.0,0.0
IC05563,1,1,1.0,1,0.0,0.5,0.0,0.0
IC05564,1,1,1.0,1,0.0,0.5,1.0,0.5
IC05565,1,1,1.0,1,0.0,0.5,0.0,0.0
IC05566,1,1,1.0,1,0.0,0.5,1.0,0.5
IC05567,1,1,1.0,1,0.0,0.5,0.0,0.0
IC05568,1,1,1.0,1,0.0,0.5,0.0,0.0
IC05553,1,1,1.0,1,0.0,0.5,0.0,0.0
IC05552,1,1,1.0,1,0.0,0.5,0.0,0.0
IC05551,1,1,1.0,1,0.0,0.5,0.0,0.0
IC05542,1,1,1.0,1,0.0,0.5,0.0,0.0
IC05536,1,1,1.0,1,0.0,0.5,0.0,0.0
IC05537,1,1,1.0,1,0.0,0.5,0.0,0.0
IC05538,1,1,1.0,1,0.0,0.5,0.0,0.0
IC05539,1,1,1.0,1,0.0,0.5,0.0,0.0
IC05540,1,1,1.0,1,0.0,0.5,0.0,0.0
IC05541,1,1,1.0,1,0.0,0.5,0.0,0.0
IC05543,1,1,1.0,1,0.0,0.5,0.0,0.0
IC05550,1,1,1.0,1,0.0,0.5,0.0,0.0
IC05544,1,1,1.0,1,0.0,0.5,0.0,0.0
IC05545,1,1,1.0,1,0.0,0.5,0.0,0.0
IC05546,1,1,1.0,1,0.0,0.5,0.0,0.0
IC05547,1,1,1.0,1,0.0,0.5,0.0,0.0
IC05548,1,1,1.0,1,0.0,0.5,0.0,0.0
IC05549,1,1,1.0,1,0.0,0.5,0.0,0.0
IC05569,1,1,1.0,1,0.0,0.5,1.0,0.5
IC00790,1,1,1.0,1,0.0,0.5,0.0,0.0
IC05571,1,1,1.0,1,0.0,0.5,0.0,0.0
IC00781,1,1,1.0,1,0.0,0.5,0.0,0.0
IC05593,1,1,1.0,1,0.0,0.5,0.0,0.0
IC05594,1,1,1.0,1,0.0,0.5,0.0,0.0
IC05595,1,1,1.0,1,0.0,0.5,0.0,0.0
IC05596,1,1,1.0,1,0.0,0.5,1.0,0.5
IC05597,1,1,1.0,1,0.0,0.5,0.0,0.0
IC05600,1,1,1.0,1,0.0,0.5,1.0,0.5
IC05603,1,1,1.0,1,0.0,0.5,0.0,0.0
IC05591,1,1,1.0,1,0.0,0.5,0.0,0.0
IC05604,1,1,1.0,1,0.0,0.5,0.0,0.0
IC05605,1,1,1.0,1,0.0,0.5,1.0,0.5
IC05606,1,1,1.0,1,0.0,0.5,1.0,0.5
IC05607,1,1,1.0,1,0.0,0.5,0.0,0.0
IC05608,1,1,1.0,1,0.0,0.5,0.0,0.0
IC05609,1,1,1.0,1,0.0,0.5,0.0,0.0
IC05592,1,1,1.0,1,0.0,0.5,0.0,0.0
IC05590,1,1,1.0,1,0.0,0.5,1.0,0.5
IC05572,1,1,1.0,1,0.0,0.5,0.0,0.0
IC05581,1,1,1.0,1,0.0,0.5,0.0,0.0
IC05573,1,1,1.0,1,0.0,0.5,0.0,0.0
IC05574,1,1,1.0,1,0.0,0.5,0.0,0.0
IC05575,1,1,1.0,1,0.0,0.5,0.0,0.0
IC05577,1,1,1.0,1,0.0,0.5,0.0,0.0
IC05578,1,1,1.0,1,0.0,0.5,1.0,0.5
IC05580,1,1,1.0,1,0.0,0.5,0.0,0.0
IC05582,1,1,1.0,1,0.0,0.5,0.0,0.0
IC05589,1,1,1.0,1,0.0,0.5,0.0,0.0
IC05583,1,1,1.0,1,0.0,0.5,0.0,0.0
IC05584,1,1,1.0,1,0.0,0.5,0.0,0.0
IC05585,1,1,1.0,1,0.0,0.5,1.0,0.5
IC05586,1,1,1.0,1,0.0,0.5,0.0,0.0
IC05587,1,1,1.0,1,0.0,0.5,0.0,0.0
IC05588,1,1,1.0,1,0.0,0.5,0.0,0.0
IC05535,1,1,1.0,1,0.0,0.5,0.0,0.0
IC05533,1,1,1.0,1,0.0,0.5,0.0,0.0
IC05453,1,1,1.0,1,0.0,0.5,0.0,0.0
IC05532,1,1,1.0,1,0.0,0.5,0.0,0.0
IC05474,1,1,1.0,1,0.0,0.5,0.0,0.0
IC05475,1,1,1.0,1,0.0,0.5,0.0,0.0
IC05476,1,1,1.0,1,0.0,0.5,0.0,0.0
IC05477,1,1,1.0,1,0.0,0.5,0.0,0.0
IC05478,1,1,1.0,1,0.0,0.5,0.0,0.0
IC05479,1,1,1.0,1,0.0,0.5,0.0,0.0
IC05480,1,1,1.0,1,0.0,0.5,0.0,0.0
IC05481,1,1,1.0,1,0.0,0.5,0.0,0.0
IC05482,1,1,1.0,1,0.0,0.5,0.0,0.0
IC05483,1,1,1.0,1,0.0,0.5,0.0,0.0
IC05484,1,1,1.0,1,0.0,0.5,0.0,0.0
IC05485,1,1,1.0,1,0.0,0.5,0.0,0.0
IC05486,1,1,1.0,1,0.0,0.5,0.0,0.0
IC05487,1,1,1.0,1,0.0,0.5,0.0,0.0
IC05488,1,1,1.0,1,0.0,0.5,0.0,0.0
IC05473,1,1,1.0,1,0.0,0.5,1.0,0.5
IC05472,1,1,1.0,1,0.0,0.5,0.0,0.0
IC05471,1,1,1.0,1,0.0,0.5,0.0,0.0
IC05462,1,1,1.0,1,0.0,0.5,0.0,0.0
IC05454,1,1,1.0,1,0.0,0.5,0.0,0.0
IC05457,1,1,1.0,1,0.0,0.5,0.0,0.0
IC05458,1,1,1.0,1,0.0,0.5,0.0,0.0
IC05459,1,1,1.0,1,0.0,0.5,0.0,0.0
IC05460,1,1,1.0,1,0.0,0.5,0.0,0.0
IC05461,1,1,1.0,1,0.0,0.5,0.0,0.0
IC05463,1,1,1.0,1,0.0,0.5,0.0,0.0
IC05470,1,1,1.0,1,0.0,0.5,0.0,0.0
IC05464,1,1,1.0,1,0.0,0.5,0.0,0.0
IC05465,1,1,1.0,1,0.0,0.5,0.0,0.0
IC05466,1,1,1.0,1,0.0,0.5,0.0,0.0
IC05467,1,1,1.0,1,0.0,0.5,0.0,0.0
IC05468,1,1,1.0,1,0.0,0.5,0.0,0.0
IC05469,1,1,1.0,1,0.0,0.5,0.0,0.0
IC05489,1,1,1.0,1,0.0,0.5,0.0,0.0
IC00803,1,1,1.0,1,0.0,0.5,0.0,0.0
IC00802,1,1,1.0,1,0.0,0.5,0.0,0.0
IC05524,1,1,1.0,1,0.0,0.5,0.0,0.0
IC05518,1,1,1.0,1,0.0,0.5,0.0,0.0
IC05519,1,1,1.0,1,0.0,0.5,0.0,0.0
IC05520,1,1,1.0,1,0.0,0.5,0.0,0.0
IC05521,1,1,1.0,1,0.0,0.5,0.0,0.0
IC05522,1,1,1.0,1,0.0,0.5,0.0,0.0
IC05523,1,1,1.0,1,0.0,0.5,0.0,0.0
IC00794,1,1,1.0,1,0.0,0.5,0.0,0.0
IC05515,1,1,1.0,1,0.0,0.5,0.0,0.0
IC05526,1,1,1.0,1,0.0,0.5,0.0,0.0
IC05527,1,1,1.0,1,0.0,0.5,0.0,0.0
IC00793,1,1,1.0,1,0.0,0.5,0.0,0.0
IC05529,1,1,1.0,1,0.0,0.5,0.0,0.0
IC05530,1,1,1.0,1,0.0,0.5,0.0,0.0
IC05531,1,1,1.0,1,0.0,0.5,0.0,0.0
IC05516,1,1,1.0,1,0.0,0.5,0.0,0.0
IC05514,1,1,1.0,1,0.0,0.5,0.0,0.0
IC05374,1,1,1.0,1,0.0,0.5,0.0,0.0
IC05505,1,1,1.0,1,0.0,0.5,0.0,0.0
IC00799,1,1,1.0,1,0.0,0.5,0.0,0.0
IC05499,1,1,1.0,1,0.0,0.5,0.0,0.0
IC05500,1,1,1.0,1,0.0,0.5,0.0,0.0
IC05501,1,1,1.0,1,0.0,0.5,0.0,0.0
IC05502,1,1,1.0,1,0.0,0.5,1.0,0.5
IC05503,1,1,1.0,1,0.0,0.5,0.0,0.0
IC05506,1,1,1.0,1,0.0,0.5,0.0,0.0
IC05513,1,1,1.0,1,0.0,0.5,0.0,0.0
IC05507,1,1,1.0,1,0.0,0.5,0.0,0.0
IC05508,1,1,1.0,1,0.0,0.5,0.0,0.0
IC05509,1,1,1.0,1,0.0,0.5,0.0,0.0
IC05510,1,1,1.0,1,0.0,0.5,1.0,0.5
IC05511,1,1,1.0,1,0.0,0.5,0.0,0.0
IC00797,1,1,1.0,1,0.0,0.5,0.0,0.0
IC05375,1,1,1.0,1,0.0,0.5,0.0,0.0
IC02665,1,1,1.0,1,0.0,0.5,0.0,0.0
IC05373,1,1,1.0,1,0.0,0.5,0.0,0.0
IC01099,1,1,1.0,1,0.0,0.5,0.0,0.0
IC04964,1,1,1.0,1,0.0,0.5,0.0,0.0
IC04968,1,1,1.0,1,0.0,0.5,0.0,0.0
IC04969,1,1,1.0,1,0.0,0.5,0.0,0.0
IC04972,1,1,1.0,1,0.0,0.5,0.0,0.0
IC04973,1,1,1.0,1,0.0,0.5,0.0,0.0
IC01102,1,1,1.0,1,0.0,0.5,0.0,0.0
IC04977,1,1,1.0,1,0.0,0.5,0.0,0.0
IC04979,1,1,1.0,1,0.0,0.5,0.0,0.0
IC04992,1,1,1.0,1,0.0,0.5,0.0,0.0
IC04980,1,1,1.0,1,0.0,0.5,0.0,0.0
IC04981,1,1,1.0,1,0.0,0.5,0.0,0.0
IC04982,1,1,1.0,1,0.0,0.5,0.0,0.0
IC04984,1,1,1.0,1,0.0,0.5,0.0,0.0
IC04985,1,1,1.0,1,0.0,0.5,4.0,2.0
IC01095,1,1,1.0,1,0.0,0.5,0.0,0.0
IC01090,1,1,1.0,1,0.0,0.5,0.0,0.0
IC04961,1,1,1.0,1,0.0,0.5,0.0,0.0
IC04960,1,1,1.0,1,0.0,0.5,0.0,0.0
IC04959,1,1,1.0,1,0.0,0.5,0.0,0.0
IC04958,1,1,1.0,1,0.0,0.5,0.0,0.0
IC04922,1,1,1.0,1,0.0,0.5,0.0,0.0
IC04924,1,1,1.0,1,0.0,0.5,0.0,0.0
IC01114,1,1,1.0,1,0.0,0.5,2.0,1.0
IC04928,1,1,1.0,1,0.0,0.5,0.0,0.0
IC04929,1,1,1.0,1,0.0,0.5,0.0,0.0
IC04934,1,1,1.0,1,0.0,0.5,0.0,0.0
IC04945,1,1,1.0,1,0.0,0.5,0.0,0.0
IC04946,1,1,1.0,1,0.0,0.5,0.0,0.0
IC04947,1,1,1.0,1,0.0,0.5,0.0,0.0
IC04948,1,1,1.0,1,0.0,0.5,0.0,0.0
IC04949,1,1,1.0,1,0.0,0.5,0.0,0.0
IC01108,1,1,1.0,1,0.0,0.5,0.0,0.0
IC04953,1,1,1.0,1,0.0,0.5,0.0,0.0
IC04955,1,1,1.0,1,0.0,0.5,0.0,0.0
IC04957,1,1,1.0,1,0.0,0.5,0.0,0.0
IC01089,1,1,1.0,1,0.0,0.5,2.0,1.0
IC04997,1,1,1.0,1,0.0,0.5,0.0,0.0
IC01046,1,1,1.0,1,0.0,0.5,1.0,0.5
IC05057,1,1,1.0,1,0.0,0.5,0.0,0.0
IC05045,1,1,1.0,1,0.0,0.5,0.0,0.0
IC05046,1,1,1.0,1,0.0,0.5,1.0,0.5
IC05049,1,1,1.0,1,0.0,0.5,0.0,0.0
IC05050,1,1,1.0,1,0.0,0.5,0.0,0.0
IC01057,1,1,1.0,1,0.0,0.5,0.0,0.0
IC05055,1,1,1.0,1,0.0,0.5,1.0,0.5
IC05056,1,1,1.0,1,0.0,0.5,0.0,0.0
IC05058,1,1,1.0,1,0.0,0.5,0.0,0.0
IC05000,1,1,1.0,1,0.0,0.5,2.0,1.0
IC01056,1,1,1.0,1,0.0,0.5,0.0,0.0
IC05060,1,1,1.0,1,0.0,0.5,0.0,0.0
IC05061,1,1,1.0,1,0.0,0.5,0.0,0.0
IC05064,1,1,1.0,1,0.0,0.5,0.0,0.0
IC05065,1,1,1.0,1,0.0,0.5,1.0,0.5
IC05069,1,1,1.0,1,0.0,0.5,1.0,0.5
IC01049,1,1,1.0,1,0.0,0.5,0.0,0.0
IC01060,1,1,1.0,1,0.0,0.5,0.0,0.0
IC01061,1,1,1.0,1,0.0,0.5,0.0,0.0
IC05041,1,1,1.0,1,0.0,0.5,0.0,0.0
IC01065,1,1,1.0,1,0.0,0.5,0.0,0.0
IC05002,1,1,1.0,1,0.0,0.5,0.0,0.0
IC05003,1,1,1.0,1,0.0,0.5,0.0,0.0
IC01084,1,1,1.0,1,0.0,0.5,2.0,1.0
IC05008,1,1,1.0,1,0.0,0.5,1.0,0.5
IC05009,1,1,1.0,1,0.0,0.5,0.0,0.0
IC05010,1,1,1.0,1,0.0,0.5,0.0,0.0
IC05012,1,1,1.0,1,0.0,0.5,0.0,0.0
IC05014,1,1,1.0,1,0.0,0.5,0.0,0.0
IC05015,1,1,1.0,1,0.0,0.5,0.0,0.0
IC05021,1,1,1.0,1,0.0,0.5,0.0,0.0
IC05026,1,1,1.0,1,0.0,0.5,0.0,0.0
IC05027,1,1,1.0,1,0.0,0.5,0.0,0.0
IC01075,1,1,1.0,1,0.0,0.5,0.0,0.0
IC05029,1,1,1.0,1,0.0,0.5,0.0,0.0
IC05031,1,1,1.0,1,0.0,0.5,1.0,0.5
IC04921,1,1,1.0,1,0.0,0.5,0.0,0.0
IC04919,1,1,1.0,1,0.0,0.5,0.0,0.0
IC04918,1,1,1.0,1,0.0,0.5,0.0,0.0
IC04836,1,1,1.0,1,0.0,0.5,0.0,0.0
IC01179,1,1,1.0,1,0.0,0.5,0.0,0.0
IC04828,1,1,1.0,1,0.0,0.5,0.0,0.0
IC04829,1,1,1.0,1,0.0,0.5,0.0,0.0
IC04830,1,1,1.0,1,0.0,0.5,0.0,0.0
IC04832,1,1,1.0,1,0.0,0.5,0.0,0.0
IC04834,1,1,1.0,1,0.0,0.5,0.0,0.0
IC04835,1,1,1.0,1,0.0,0.5,0.0,0.0
IC04837,1,1,1.0,1,0.0,0.5,0.0,0.0
IC04916,1,1,1.0,1,0.0,0.5,0.0,0.0
IC04838,1,1,1.0,1,0.0,0.5,0.0,0.0
IC04839,1,1,1.0,1,0.0,0.5,2.0,1.0
IC04841,1,1,1.0,1,0.0,0.5,0.0,0.0
IC04842,1,1,1.0,1,0.0,0.5,1.0,0.5
IC04843,1,1,1.0,1,0.0,0.5,0.0,0.0
IC04844,1,1,1.0,1,0.0,0.5,3.0,1.5
IC04845,1,1,1.0,1,0.0,0.5,0.0,0.0
IC04826,1,1,1.0,1,0.0,0.5,0.0,0.0
IC04825,1,1,1.0,1,0.0,0.5,0.0,0.0
IC04824,1,1,1.0,1,0.0,0.5,0.0,0.0
IC04823,1,1,1.0,1,0.0,0.5,0.0,0.0
IC04808,1,1,1.0,1,0.0,0.5,0.0,0.0
IC01183,1,1,1.0,1,0.0,0.5,1.0,0.5
IC04810,1,1,1.0,1,0.0,0.5,0.0,0.0
IC01182,1,1,1.0,1,0.0,0.5,0.0,0.0
IC04812,1,1,1.0,1,0.0,0.5,0.0,0.0
IC01180,1,1,1.0,1,0.0,0.5,1.0,0.5
IC04814,1,1,1.0,1,0.0,0.5,0.0,0.0
IC04815,1,1,1.0,1,0.0,0.5,0.0,0.0
IC04816,1,1,1.0,1,0.0,0.5,0.0,0.0
IC04817,1,1,1.0,1,0.0,0.5,0.0,0.0
IC04818,1,1,1.0,1,0.0,0.5,0.0,0.0
IC04819,1,1,1.0,1,0.0,0.5,0.0,0.0
IC04820,1,1,1.0,1,0.0,0.5,0.0,0.0
IC04821,1,1,1.0,1,0.0,0.5,0.0,0.0
IC04822,1,1,1.0,1,0.0,0.5,0.0,0.0
IC04848,1,1,1.0,1,0.0,0.5,0.0,0.0
IC04849,1,1,1.0,1,0.0,0.5,0.0,0.0
IC04850,1,1,1.0,1,0.0,0.5,0.0,0.0
IC01144,1,1,1.0,1,0.0,0.5,0.0,0.0
IC01142,1,1,1.0,1,0.0,0.5,2.0,1.0
IC04889,1,1,1.0,1,0.0,0.5,0.0,0.0
IC01141,1,1,1.0,1,0.0,0.5,0.0,0.0
IC01140,1,1,1.0,1,0.0,0.5,0.0,0.0
IC01137,1,1,1.0,1,0.0,0.5,0.0,0.0
IC01133,1,1,1.0,1,0.0,0.5,0.0,0.0
IC01132,1,1,1.0,1,0.0,0.5,2.0,1.0
IC04903,1,1,1.0,1,0.0,0.5,0.0,0.0
IC04907,1,1,1.0,1,0.0,0.5,0.0,0.0
IC04908,1,1,1.0,1,0.0,0.5,0.0,0.0
IC01123,1,1,1.0,1,0.0,0.5,0.0,0.0
IC04911,1,1,1.0,1,0.0,0.5,0.0,0.0
IC04912,1,1,1.0,1,0.0,0.5,0.0,0.0
IC04913,1,1,1.0,1,0.0,0.5,0.0,0.0
IC04915,1,1,1.0,1,0.0,0.5,0.0,0.0
IC01143,1,1,1.0,1,0.0,0.5,0.0,0.0
IC04880,1,1,1.0,1,0.0,0.5,0.0,0.0
IC04851,1,1,1.0,1,0.0,0.5,0.0,0.0
IC01147,1,1,1.0,1,0.0,0.5,2.0,1.0
IC01169,1,1,1.0,1,0.0,0.5,0.0,0.0
IC01168,1,1,1.0,1,0.0,0.5,0.0,0.0
IC01167,1,1,1.0,1,0.0,0.5,0.0,0.0
IC01165,1,1,1.0,1,0.0,0.5,1.0,0.5
IC04861,1,1,1.0,1,0.0,0.5,0.0,0.0
IC01160,1,1,1.0,1,0.0,0.5,0.0,0.0
IC04864,1,1,1.0,1,0.0,0.5,0.0,0.0
IC01159,1,1,1.0,1,0.0,0.5,0.0,0.0
IC04868,1,1,1.0,1,0.0,0.5,0.0,0.0
IC01153,1,1,1.0,1,0.0,0.5,0.0,0.0
IC04872,1,1,1.0,1,0.0,0.5,0.0,0.0
IC04873,1,1,1.0,1,0.0,0.5,1.0,0.5
IC04874,1,1,1.0,1,0.0,0.5,0.0,0.0
IC04875,1,1,1.0,1,0.0,0.5,0.0,0.0
IC04876,1,1,1.0,1,0.0,0.5,0.0,0.0
IC05071,1,1,1.0,1,0.0,0.5,7.0,3.5
IC01043,1,1,1.0,1,0.0,0.5,0.0,0.0
IC05372,1,1,1.0,1,0.0,0.5,0.0,0.0
IC05315,1,1,1.0,1,0.0,0.5,0.0,0.0
IC05297,1,1,1.0,1,0.0,0.5,0.0,0.0
IC05302,1,1,1.0,1,0.0,0.5,0.0,0.0
IC05304,1,1,1.0,1,0.0,0.5,0.0,0.0
IC05305,1,1,1.0,1,0.0,0.5,0.0,0.0
IC00864,1,1,1.0,1,0.0,0.5,0.0,0.0
IC05309,1,1,1.0,1,0.0,0.5,0.0,0.0
IC05310,1,1,1.0,1,0.0,0.5,0.0,0.0
IC05610,1,1,1.0,1,0.0,0.5,0.0,0.0
IC05333,1,1,1.0,1,0.0,0.5,0.0,0.0
IC05318,1,1,1.0,1,0.0,0.5,0.0,0.0
IC05320,1,1,1.0,1,0.0,0.5,0.0,0.0
IC05321,1,1,1.0,1,0.0,0.5,0.0,0.0
IC05326,1,1,1.0,1,0.0,0.5,0.0,0.0
IC05328,1,1,1.0,1,0.0,0.5,0.0,0.0
IC05330,1,1,1.0,1,0.0,0.5,0.0,0.0
IC05331,1,1,1.0,1,0.0,0.5,0.0,0.0
IC00866,1,1,1.0,1,0.0,0.5,1.0,0.5
IC05292,1,1,1.0,1,0.0,0.5,0.0,0.0
IC05291,1,1,1.0,1,0.0,0.5,0.0,0.0
IC05288,1,1,1.0,1,0.0,0.5,0.0,0.0
IC05262,1,1,1.0,1,0.0,0.5,0.0,0.0
IC05264,1,1,1.0,1,0.0,0.5,0.0,0.0
IC05266,1,1,1.0,1,0.0,0.5,0.0,0.0
IC05267,1,1,1.0,1,0.0,0.5,0.0,0.0
IC05269,1,1,1.0,1,0.0,0.5,0.0,0.0
IC05270,1,1,1.0,1,0.0,0.5,0.0,0.0
IC00898,1,1,1.0,1,0.0,0.5,1.0,0.5
IC05275,1,1,1.0,1,0.0,0.5,0.0,0.0
IC05277,1,1,1.0,1,0.0,0.5,0.0,0.0
IC00881,1,1,1.0,1,0.0,0.5,0.0,0.0
IC05282,1,1,1.0,1,0.0,0.5,0.0,0.0
IC00872,1,1,1.0,1,0.0,0.5,0.0,0.0
IC05284,1,1,1.0,1,0.0,0.5,0.0,0.0
IC05285,1,1,1.0,1,0.0,0.5,0.0,0.0
IC00871,1,1,1.0,1,0.0,0.5,0.0,0.0
IC05332,1,1,1.0,1,0.0,0.5,0.0,0.0
IC05334,1,1,1.0,1,0.0,0.5,0.0,0.0
IC05076,1,1,1.0,1,0.0,0.5,0.0,0.0
IC05363,1,1,1.0,1,0.0,0.5,0.0,0.0
IC05356,1,1,1.0,1,0.0,0.5,0.0,0.0
IC05357,1,1,1.0,1,0.0,0.5,0.0,0.0
IC05358,1,1,1.0,1,0.0,0.5,0.0,0.0
IC05359,1,1,1.0,1,0.0,0.5,0.0,0.0
IC05360,1,1,1.0,1,0.0,0.5,0.0,0.0
IC05361,1,1,1.0,1,0.0,0.5,1.0,0.5
IC05362,1,1,1.0,1,0.0,0.5,0.0,0.0
IC05364,1,1,1.0,1,0.0,0.5,0.0,0.0
IC05335,1,1,1.0,1,0.0,0.5,0.0,0.0
IC05365,1,1,1.0,1,0.0,0.5,0.0,0.0
IC05366,1,1,1.0,1,0.0,0.5,0.0,0.0
IC05367,1,1,1.0,1,0.0,0.5,0.0,0.0
IC05368,1,1,1.0,1,0.0,0.5,0.0,0.0
IC05369,1,1,1.0,1,0.0,0.5,0.0,0.0
IC05370,1,1,1.0,1,0.0,0.5,0.0,0.0
IC05371,1,1,1.0,1,0.0,0.5,0.0,0.0
IC05355,1,1,1.0,1,0.0,0.5,0.0,0.0
IC05354,1,1,1.0,1,0.0,0.5,0.0,0.0
IC00852,1,1,1.0,1,0.0,0.5,0.0,0.0
IC05352,1,1,1.0,1,0.0,0.5,0.0,0.0
IC05336,1,1,1.0,1,0.0,0.5,0.0,0.0
IC05337,1,1,1.0,1,0.0,0.5,0.0,0.0
IC05338,1,1,1.0,1,0.0,0.5,1.0,0.5
IC05339,1,1,1.0,1,0.0,0.5,0.0,0.0
IC05341,1,1,1.0,1,0.0,0.5,0.0,0.0
IC05342,1,1,1.0,1,0.0,0.5,0.0,0.0
IC05343,1,1,1.0,1,0.0,0.5,0.0,0.0
IC05344,1,1,1.0,1,0.0,0.5,0.0,0.0
IC05345,1,1,1.0,1,0.0,0.5,0.0,0.0
IC05346,1,1,1.0,1,0.0,0.5,0.0,0.0
IC05347,1,1,1.0,1,0.0,0.5,0.0,0.0
IC05348,1,1,1.0,1,0.0,0.5,0.0,0.0
IC00854,1,1,1.0,1,0.0,0.5,0.0,0.0
IC05350,1,1,1.0,1,0.0,0.5,0.0,0.0
IC05351,1,1,1.0,1,0.0,0.5,0.0,0.0
IC05259,1,1,1.0,1,0.0,0.5,0.0,0.0
IC05257,1,1,1.0,1,0.0,0.5,0.0,0.0
IC05256,1,1,1.0,1,0.0,0.5,1.0,0.5
IC01000,1,1,1.0,1,0.0,0.5,2.0,1.0
IC01014,1,1,1.0,1,0.0,0.5,1.0,0.5
IC01010,1,1,1.0,1,0.0,0.5,0.0,0.0
IC05113,1,1,1.0,1,0.0,0.5,0.0,0.0
IC05115,1,1,1.0,1,0.0,0.5,0.0,0.0
IC01003,1,1,1.0,1,0.0,0.5,1.0,0.5
IC05117,1,1,1.0,1,0.0,0.5,0.0,0.0
IC05118,1,1,1.0,1,0.0,0.5,0.0,0.0
IC00990,1,1,1.0,1,0.0,0.5,0.0,0.0
IC00920,1,1,1.0,1,0.0,0.5,0.0,0.0
IC05122,1,1,1.0,1,0.0,0.5,0.0,0.0
IC05125,1,1,1.0,1,0.0,0.5,0.0,0.0
IC05132,1,1,1.0,1,0.0,0.5,0.0,0.0
IC05134,1,1,1.0,1,0.0,0.5,3.0,1.5
IC05136,1,1,1.0,1,0.0,0.5,0.0,0.0
IC05140,1,1,1.0,1,0.0,0.5,0.0,0.0
IC05142,1,1,1.0,1,0.0,0.5,1.0,0.5
IC01026,1,1,1.0,1,0.0,0.5,0.0,0.0
IC05108,1,1,1.0,1,0.0,0.5,0.0,0.0
IC05105,1,1,1.0,1,0.0,0.5,0.0,0.0
IC01029,1,1,1.0,1,0.0,0.5,0.0,0.0
IC05077,1,1,1.0,1,0.0,0.5,0.0,0.0
IC01040,1,1,1.0,1,0.0,0.5,0.0,0.0
IC01038,1,1,1.0,1,0.0,0.5,1.0,0.5
IC05089,1,1,1.0,1,0.0,0.5,0.0,0.0
IC05090,1,1,1.0,1,0.0,0.5,0.0,0.0
IC05091,1,1,1.0,1,0.0,0.5,0.0,0.0
IC05092,1,1,1.0,1,0.0,0.5,0.0,0.0
IC05093,1,1,1.0,1,0.0,0.5,0.0,0.0
IC05094,1,1,1.0,1,0.0,0.5,0.0,0.0
IC05095,1,1,1.0,1,0.0,0.5,0.0,0.0
IC05096,1,1,1.0,1,0.0,0.5,0.0,0.0
IC05097,1,1,1.0,1,0.0,0.5,0.0,0.0
IC01034,1,1,1.0,1,0.0,0.5,0.0,0.0
IC05099,1,1,1.0,1,0.0,0.5,0.0,0.0
IC05102,1,1,1.0,1,0.0,0.5,0.0,0.0
IC05144,1,1,1.0,1,0.0,0.5,0.0,0.0
IC05147,1,1,1.0,1,0.0,0.5,1.0,0.5
IC00964,1,1,1.0,1,0.0,0.5,0.0,0.0
IC00960,1,1,1.0,1,0.0,0.5,0.0,0.0
IC00958,1,1,1.0,1,0.0,0.5,1.0,0.5
IC05190,1,1,1.0,1,0.0,0.5,0.0,0.0
IC05196,1,1,1.0,1,0.0,0.5,0.0,0.0
IC00957,1,1,1.0,1,0.0,0.5,0.0,0.0
IC05205,1,1,1.0,1,0.0,0.5,0.0,0.0
IC05216,1,1,1.0,1,0.0,0.5,1.0,0.5
IC00956,1,1,1.0,1,0.0,0.5,0.0,0.0
IC00955,1,1,1.0,1,0.0,0.5,0.0,0.0
IC05226,1,1,1.0,1,0.0,0.5,0.0,0.0
IC05242,1,1,1.0,1,0.0,0.5,0.0,0.0
IC05243,1,1,1.0,1,0.0,0.5,0.0,0.0
IC05248,1,1,1.0,1,0.0,0.5,0.0,0.0
IC00935,1,1,1.0,1,0.0,0.5,0.0,0.0
IC05251,1,1,1.0,1,0.0,0.5,0.0,0.0
IC00934,1,1,1.0,1,0.0,0.5,0.0,0.0
IC00959,1,1,1.0,1,0.0,0.5,0.0,0.0
IC05184,1,1,1.0,1,0.0,0.5,0.0,0.0
IC05149,1,1,1.0,1,0.0,0.5,0.0,0.0
IC05183,1,1,1.0,1,0.0,0.5,0.0,0.0
IC00963,1,1,1.0,1,0.0,0.5,0.0,0.0
IC00962,1,1,1.0,1,0.0,0.5,0.0,0.0
IC05152,1,1,1.0,1,0.0,0.5,2.0,1.0
IC05154,1,1,1.0,1,0.0,0.5,1.0,0.5
IC05155,1,1,1.0,1,0.0,0.5,1.0,0.5
IC00961,1,1,1.0,1,0.0,0.5,0.0,0.0
IC05157,1,1,1.0,1,0.0,0.5,0.0,0.0
IC05158,1,1,1.0,1,0.0,0.5,0.0,0.0
IC05159,1,1,1.0,1,0.0,0.5,0.0,0.0
IC05162,1,1,1.0,1,0.0,0.5,0.0,0.0
IC05163,1,1,1.0,1,0.0,0.5,0.0,0.0
IC05164,1,1,1.0,1,0.0,0.5,0.0,0.0
IC05165,1,1,1.0,1,0.0,0.5,1.0,0.5
IC05166,1,1,1.0,1,0.0,0.5,0.0,0.0
IC05177,1,1,1.0,1,0.0,0.5,0.0,0.0
IC05317,1,1,1.0,1,0.0,0.5,0.0,0.0
IC05659,1,1,1.0,1,0.0,0.5,0.0,0.0
IC05611,1,1,1.0,1,0.0,0.5,0.0,0.0
IC05612,1,1,1.0,1,0.0,0.5,0.0,0.0
IC06205,1,1,1.0,1,0.0,0.5,0.0,0.0
IC06208,1,1,1.0,1,0.0,0.5,0.0,0.0
IC06209,1,1,1.0,1,0.0,0.5,0.0,0.0
IC06210,1,1,1.0,1,0.0,0.5,0.0,0.0
IC06211,1,1,1.0,1,0.0,0.5,2.0,1.0
IC06212,1,1,1.0,1,0.0,0.5,0.0,0.0
IC06213,1,1,1.0,1,0.0,0.5,0.0,0.0
IC06214,1,1,1.0,1,0.0,0.5,0.0,0.0
IC06215,1,1,1.0,1,0.0,0.5,0.0,0.0
IC06216,1,1,1.0,1,0.0,0.5,0.0,0.0
IC06218,1,1,1.0,1,0.0,0.5,0.0,0.0
IC06219,1,1,1.0,1,0.0,0.5,0.0,0.0
IC06220,1,1,1.0,1,0.0,0.5,0.0,0.0
IC00261,1,1,1.0,1,0.0,0.5,1.0,0.5
IC00260,1,1,1.0,1,0.0,0.5,0.0,0.0
IC06224,1,1,1.0,1,0.0,0.5,0.0,0.0
IC06225,1,1,1.0,1,0.0,0.5,0.0,0.0
IC06200,1,1,1.0,1,0.0,0.5,0.0,0.0
IC06199,1,1,1.0,1,0.0,0.5,0.0,0.0
IC06198,1,1,1.0,1,0.0,0.5,0.0,0.0
IC06188,1,1,1.0,1,0.0,0.5,0.0,0.0
IC06178,1,1,1.0,1,0.0,0.5,0.0,0.0
IC06180,1,1,1.0,1,0.0,0.5,0.0,0.0
IC06181,1,1,1.0,1,0.0,0.5,0.0,0.0
IC00321,1,1,1.0,1,0.0,0.5,0.0,0.0
IC00319,1,1,1.0,1,0.0,0.5,12.0,6.0
IC00304,1,1,1.0,1,0.0,0.5,1.0,0.5
IC06187,1,1,1.0,1,0.0,0.5,0.0,0.0
IC06189,1,1,1.0,1,0.0,0.5,0.0,0.0
IC06197,1,1,1.0,1,0.0,0.5,0.0,0.0
IC06190,1,1,1.0,1,0.0,0.5,0.0,0.0
IC06191,1,1,1.0,1,0.0,0.5,1.0,0.5
IC06192,1,1,1.0,1,0.0,0.5,0.0,0.0
IC06193,1,1,1.0,1,0.0,0.5,0.0,0.0
IC06194,1,1,1.0,1,0.0,0.5,0.0,0.0
IC06195,1,1,1.0,1,0.0,0.5,0.0,0.0
IC06196,1,1,1.0,1,0.0,0.5,1.0,0.5
IC00259,1,1,1.0,1,0.0,0.5,0.0,0.0
IC06227,1,1,1.0,1,0.0,0.5,0.0,0.0
IC06228,1,1,1.0,1,0.0,0.5,0.0,0.0
IC06263,1,1,1.0,1,0.0,0.5,0.0,0.0
IC06256,1,1,1.0,1,0.0,0.5,0.0,0.0
IC06257,1,1,1.0,1,0.0,0.5,0.0,0.0
IC06258,1,1,1.0,1,0.0,0.5,4.0,2.0
IC06259,1,1,1.0,1,0.0,0.5,0.0,0.0
IC06260,1,1,1.0,1,0.0,0.5,0.0,0.0
IC06261,1,1,1.0,1,0.0,0.5,1.0,0.5
IC06262,1,1,1.0,1,0.0,0.5,0.0,0.0
IC06264,1,1,1.0,1,0.0,0.5,0.0,0.0
IC06254,1,1,1.0,1,0.0,0.5,0.0,0.0
IC06265,1,1,1.0,1,0.0,0.5,0.0,0.0
IC06266,1,1,1.0,1,0.0,0.5,0.0,0.0
IC06267,1,1,1.0,1,0.0,0.5,0.0,0.0
IC06268,1,1,1.0,1,0.0,0.5,0.0,0.0
IC06269,1,1,1.0,1,0.0,0.5,0.0,0.0
IC06270,1,1,1.0,1,0.0,0.5,0.0,0.0
IC06271,1,1,1.0,1,0.0,0.5,0.0,0.0
IC06255,1,1,1.0,1,0.0,0.5,0.0,0.0
IC06253,1,1,1.0,1,0.0,0.5,0.0,0.0
IC06229,1,1,1.0,1,0.0,0.5,0.0,0.0
IC06238,1,1,1.0,1,0.0,0.5,0.0,0.0
IC06230,1,1,1.0,1,0.0,0.5,0.0,0.0
IC06231,1,1,1.0,1,0.0,0.5,0.0,0.0
IC06232,1,1,1.0,1,0.0,0.5,0.0,0.0
IC06233,1,1,1.0,1,0.0,0.5,0.0,0.0
IC06234,1,1,1.0,1,0.0,0.5,0.0,0.0
IC06235,1,1,1.0,1,0.0,0.5,0.0,0.0
IC06236,1,1,1.0,1,0.0,0.5,0.0,0.0
IC06239,1,1,1.0,1,0.0,0.5,0.0,0.0
IC06252,1,1,1.0,1,0.0,0.5,0.0,0.0
IC06241,1,1,1.0,1,0.0,0.5,0.0,0.0
IC06242,1,1,1.0,1,0.0,0.5,1.0,0.5
IC00204,1,1,1.0,1,0.0,0.5,1.0,0.5
IC06247,1,1,1.0,1,0.0,0.5,1.0,0.5
IC06249,1,1,1.0,1,0.0,0.5,0.0,0.0
IC06250,1,1,1.0,1,0.0,0.5,0.0,0.0
IC06251,1,1,1.0,1,0.0,0.5,0.0,0.0
IC06176,1,1,1.0,1,0.0,0.5,3.0,1.5
IC06175,1,1,1.0,1,0.0,0.5,0.0,0.0
IC06173,1,1,1.0,1,0.0,0.5,0.0,0.0
IC06120,1,1,1.0,1,0.0,0.5,0.0,0.0
IC06113,1,1,1.0,1,0.0,0.5,0.0,0.0
IC06114,1,1,1.0,1,0.0,0.5,0.0,0.0
IC06115,1,1,1.0,1,0.0,0.5,0.0,0.0
IC06116,1,1,1.0,1,0.0,0.5,0.0,0.0
IC06117,1,1,1.0,1,0.0,0.5,0.0,0.0
IC06118,1,1,1.0,1,0.0,0.5,0.0,0.0
IC06119,1,1,1.0,1,0.0,0.5,0.0,0.0
IC06121,1,1,1.0,1,0.0,0.5,0.0,0.0
IC06111,1,1,1.0,1,0.0,0.5,0.0,0.0
IC06122,1,1,1.0,1,0.0,0.5,0.0,0.0
IC06123,1,1,1.0,1,0.0,0.5,0.0,0.0
IC06124,1,1,1.0,1,0.0,0.5,0.0,0.0
IC06125,1,1,1.0,1,0.0,0.5,0.0,0.0
IC00343,1,1,1.0,1,0.0,0.5,0.0,0.0
IC06127,1,1,1.0,1,0.0,0.5,0.0,0.0
IC06128,1,1,1.0,1,0.0,0.5,0.0,0.0
IC06112,1,1,1.0,1,0.0,0.5,0.0,0.0
IC06110,1,1,1.0,1,0.0,0.5,0.0,0.0
IC06130,1,1,1.0,1,0.0,0.5,0.0,0.0
IC06100,1,1,1.0,1,0.0,0.5,0.0,0.0
IC06093,1,1,1.0,1,0.0,0.5,0.0,0.0
IC06094,1,1,1.0,1,0.0,0.5,0.0,0.0
IC06095,1,1,1.0,1,0.0,0.5,0.0,0.0
IC06096,1,1,1.0,1,0.0,0.5,0.0,0.0
IC06097,1,1,1.0,1,0.0,0.5,0.0,0.0
IC06098,1,1,1.0,1,0.0,0.5,0.0,0.0
IC06099,1,1,1.0,1,0.0,0.5,0.0,0.0
IC06101,1,1,1.0,1,0.0,0.5,0.0,0.0
IC06109,1,1,1.0,1,0.0,0.5,0.0,0.0
IC06102,1,1,1.0,1,0.0,0.5,0.0,0.0
IC06103,1,1,1.0,1,0.0,0.5,0.0,0.0
IC06104,1,1,1.0,1,0.0,0.5,0.0,0.0
IC06105,1,1,1.0,1,0.0,0.5,0.0,0.0
IC06106,1,1,1.0,1,0.0,0.5,1.0,0.5
IC06107,1,1,1.0,1,0.0,0.5,1.0,0.5
IC06108,1,1,1.0,1,0.0,0.5,0.0,0.0
IC06129,1,1,1.0,1,0.0,0.5,1.0,0.5
IC06131,1,1,1.0,1,0.0,0.5,0.0,0.0
IC06172,1,1,1.0,1,0.0,0.5,1.0,0.5
IC06161,1,1,1.0,1,0.0,0.5,0.0,0.0
IC06154,1,1,1.0,1,0.0,0.5,0.0,0.0
IC06155,1,1,1.0,1,0.0,0.5,0.0,0.0
IC06156,1,1,1.0,1,0.0,0.5,0.0,0.0
IC06157,1,1,1.0,1,0.0,0.5,1.0,0.5
IC06158,1,1,1.0,1,0.0,0.5,0.0,0.0
IC06159,1,1,1.0,1,0.0,0.5,0.0,0.0
IC06160,1,1,1.0,1,0.0,0.5,0.0,0.0
IC06162,1,1,1.0,1,0.0,0.5,0.0,0.0
IC06152,1,1,1.0,1,0.0,0.5,0.0,0.0
IC06163,1,1,1.0,1,0.0,0.5,0.0,0.0
IC06164,1,1,1.0,1,0.0,0.5,0.0,0.0
IC06165,1,1,1.0,1,0.0,0.5,2.0,1.0
IC06166,1,1,1.0,1,0.0,0.5,0.0,0.0
IC06167,1,1,1.0,1,0.0,0.5,0.0,0.0
IC06168,1,1,1.0,1,0.0,0.5,0.0,0.0
IC06169,1,1,1.0,1,0.0,0.5,0.0,0.0
IC06153,1,1,1.0,1,0.0,0.5,0.0,0.0
IC06151,1,1,1.0,1,0.0,0.5,0.0,0.0
IC06132,1,1,1.0,1,0.0,0.5,0.0,0.0
IC06140,1,1,1.0,1,0.0,0.5,0.0,0.0
IC06133,1,1,1.0,1,0.0,0.5,0.0,0.0
IC06134,1,1,1.0,1,0.0,0.5,0.0,0.0
IC06135,1,1,1.0,1,0.0,0.5,0.0,0.0
IC06136,1,1,1.0,1,0.0,0.5,0.0,0.0
IC06137,1,1,1.0,1,0.0,0.5,0.0,0.0
IC06138,1,1,1.0,1,0.0,0.5,1.0,0.5
IC06139,1,1,1.0,1,0.0,0.5,0.0,0.0
IC06141,1,1,1.0,1,0.0,0.5,0.0,0.0
IC06150,1,1,1.0,1,0.0,0.5,0.0,0.0
IC06142,1,1,1.0,1,0.0,0.5,0.0,0.0
IC06143,1,1,1.0,1,0.0,0.5,0.0,0.0
IC06144,1,1,1.0,1,0.0,0.5,0.0,0.0
IC06146,1,1,1.0,1,0.0,0.5,0.0,0.0
IC06147,1,1,1.0,1,0.0,0.5,1.0,0.5
IC06148,1,1,1.0,1,0.0,0.5,0.0,0.0
IC06149,1,1,1.0,1,0.0,0.5,0.0,0.0
IC06272,1,1,1.0,1,0.0,0.5,0.0,0.0
IC06273,1,1,1.0,1,0.0,0.5,1.0,0.5
IC06274,1,1,1.0,1,0.0,0.5,0.0,0.0
IC06383,1,1,1.0,1,0.0,0.5,0.0,0.0
IC06376,1,1,1.0,1,0.0,0.5,0.0,0.0
IC06377,1,1,1.0,1,0.0,0.5,0.0,0.0
IC06378,1,1,1.0,1,0.0,0.5,0.0,0.0
IC06379,1,1,1.0,1,0.0,0.5,0.0,0.0
IC06380,1,1,1.0,1,0.0,0.5,0.0,0.0
IC06381,1,1,1.0,1,0.0,0.5,0.0,0.0
IC06382,1,1,1.0,1,0.0,0.5,0.0,0.0
IC06384,1,1,1.0,1,0.0,0.5,0.0,0.0
IC06374,1,1,1.0,1,0.0,0.5,0.0,0.0
IC06385,1,1,1.0,1,0.0,0.5,0.0,0.0
IC06386,1,1,1.0,1,0.0,0.5,0.0,0.0
IC06387,1,1,1.0,1,0.0,0.5,0.0,0.0
IC06388,1,1,1.0,1,0.0,0.5,0.0,0.0
IC06389,1,1,1.0,1,0.0,0.5,0.0,0.0
IC06390,1,1,1.0,1,0.0,0.5,0.0,0.0
IC06391,1,1,1.0,1,0.0,0.5,0.0,0.0
IC06375,1,1,1.0,1,0.0,0.5,0.0,0.0
IC06373,1,1,1.0,1,0.0,0.5,0.0,0.0
IC06393,1,1,1.0,1,0.0,0.5,0.0,0.0
IC06363,1,1,1.0,1,0.0,0.5,0.0,0.0
IC06356,1,1,1.0,1,0.0,0.5,0.0,0.0
IC06357,1,1,1.0,1,0.0,0.5,0.0,0.0
IC06358,1,1,1.0,1,0.0,0.5,0.0,0.0
IC06359,1,1,1.0,1,0.0,0.5,0.0,0.0
IC06360,1,1,1.0,1,0.0,0.5,0.0,0.0
IC06361,1,1,1.0,1,0.0,0.5,1.0,0.5
IC06362,1,1,1.0,1,0.0,0.5,0.0,0.0
IC06364,1,1,1.0,1,0.0,0.5,0.0,0.0
IC06372,1,1,1.0,1,0.0,0.5,0.0,0.0
IC06365,1,1,1.0,1,0.0,0.5,0.0,0.0
IC06366,1,1,1.0,1,0.0,0.5,0.0,0.0
IC06367,1,1,1.0,1,0.0,0.5,1.0,0.5
IC06368,1,1,1.0,1,0.0,0.5,0.0,0.0
IC06369,1,1,1.0,1,0.0,0.5,0.0,0.0
IC06370,1,1,1.0,1,0.0,0.5,0.0,0.0
IC06371,1,1,1.0,1,0.0,0.5,0.0,0.0
IC06392,1,1,1.0,1,0.0,0.5,2.0,1.0
IC06394,1,1,1.0,1,0.0,0.5,0.0,0.0
IC06354,1,1,1.0,1,0.0,0.5,0.0,0.0
IC06431,1,1,1.0,1,0.0,0.5,0.0,0.0
IC06421,1,1,1.0,1,0.0,0.5,0.0,0.0
IC06422,1,1,1.0,1,0.0,0.5,3.0,1.5
IC06423,1,1,1.0,1,0.0,0.5,0.0,0.0
IC06424,1,1,1.0,1,0.0,0.5,0.0,0.0
IC06425,1,1,1.0,1,0.0,0.5,0.0,0.0
IC06426,1,1,1.0,1,0.0,0.5,2.0,1.0
IC06429,1,1,1.0,1,0.0,0.5,0.0,0.0
IC06432,1,1,1.0,1,0.0,0.5,0.0,0.0
IC06419,1,1,1.0,1,0.0,0.5,0.0,0.0
IC06433,1,1,1.0,1,0.0,0.5,0.0,0.0
IC06434,1,1,1.0,1,0.0,0.5,0.0,0.0
IC08544,1,1,1.0,1,0.0,0.5,0.0,0.0
IC08826,1,1,1.0,1,0.0,0.5,0.0,0.0
IC08827,1,1,1.0,1,0.0,0.5,0.0,0.0
IC09156,1,1,1.0,1,0.0,0.5,0.0,0.0
IC09310,1,1,1.0,1,0.0,0.5,0.0,0.0
IC06420,1,1,1.0,1,0.0,0.5,0.0,0.0
IC06418,1,1,1.0,1,0.0,0.5,0.0,0.0
IC06395,1,1,1.0,1,0.0,0.5,0.0,0.0
IC06403,1,1,1.0,1,0.0,0.5,0.0,0.0
IC06396,1,1,1.0,1,0.0,0.5,0.0,0.0
IC06397,1,1,1.0,1,0.0,0.5,0.0,0.0
IC06398,1,1,1.0,1,0.0,0.5,0.0,0.0
IC06399,1,1,1.0,1,0.0,0.5,0.0,0.0
IC06400,1,1,1.0,1,0.0,0.5,0.0,0.0
IC06401,1,1,1.0,1,0.0,0.5,0.0,0.0
IC06402,1,1,1.0,1,0.0,0.5,0.0,0.0
IC06404,1,1,1.0,1,0.0,0.5,0.0,0.0
IC06417,1,1,1.0,1,0.0,0.5,0.0,0.0
IC06405,1,1,1.0,1,0.0,0.5,0.0,0.0
IC06406,1,1,1.0,1,0.0,0.5,0.0,0.0
IC06407,1,1,1.0,1,0.0,0.5,0.0,0.0
IC06408,1,1,1.0,1,0.0,0.5,0.0,0.0
IC06409,1,1,1.0,1,0.0,0.5,0.0,0.0
IC06410,1,1,1.0,1,0.0,0.5,0.0,0.0
IC06414,1,1,1.0,1,0.0,0.5,0.0,0.0
IC06355,1,1,1.0,1,0.0,0.5,0.0,0.0
IC06353,1,1,1.0,1,0.0,0.5,0.0,0.0
IC06275,1,1,1.0,1,0.0,0.5,1.0,0.5
IC06303,1,1,1.0,1,0.0,0.5,0.0,0.0
IC06296,1,1,1.0,1,0.0,0.5,0.0,0.0
IC06297,1,1,1.0,1,0.0,0.5,0.0,0.0
IC06298,1,1,1.0,1,0.0,0.5,0.0,0.0
IC06299,1,1,1.0,1,0.0,0.5,0.0,0.0
IC06300,1,1,1.0,1,0.0,0.5,0.0,0.0
IC06301,1,1,1.0,1,0.0,0.5,0.0,0.0
IC06302,1,1,1.0,1,0.0,0.5,0.0,0.0
IC06304,1,1,1.0,1,0.0,0.5,0.0,0.0
IC06294,1,1,1.0,1,0.0,0.5,0.0,0.0
IC06305,1,1,1.0,1,0.0,0.5,0.0,0.0
IC06306,1,1,1.0,1,0.0,0.5,0.0,0.0
IC06307,1,1,1.0,1,0.0,0.5,0.0,0.0
IC06308,1,1,1.0,1,0.0,0.5,0.0,0.0
IC06309,1,1,1.0,1,0.0,0.5,0.0,0.0
IC06310,1,1,1.0,1,0.0,0.5,0.0,0.0
IC06311,1,1,1.0,1,0.0,0.5,0.0,0.0
IC06295,1,1,1.0,1,0.0,0.5,0.0,0.0
IC06293,1,1,1.0,1,0.0,0.5,0.0,0.0
IC06313,1,1,1.0,1,0.0,0.5,0.0,0.0
IC06283,1,1,1.0,1,0.0,0.5,0.0,0.0
IC06276,1,1,1.0,1,0.0,0.5,0.0,0.0
IC06277,1,1,1.0,1,0.0,0.5,0.0,0.0
IC06278,1,1,1.0,1,0.0,0.5,0.0,0.0
IC06279,1,1,1.0,1,0.0,0.5,0.0,0.0
IC06280,1,1,1.0,1,0.0,0.5,0.0,0.0
IC06281,1,1,1.0,1,0.0,0.5,0.0,0.0
IC06282,1,1,1.0,1,0.0,0.5,0.0,0.0
IC06284,1,1,1.0,1,0.0,0.5,0.0,0.0
IC06292,1,1,1.0,1,0.0,0.5,0.0,0.0
IC06285,1,1,1.0,1,0.0,0.5,0.0,0.0
IC06286,1,1,1.0,1,0.0,0.5,0.0,0.0
IC06287,1,1,1.0,1,0.0,0.5,0.0,0.0
IC06288,1,1,1.0,1,0.0,0.5,0.0,0.0
IC06289,1,1,1.0,1,0.0,0.5,0.0,0.0
IC06290,1,1,1.0,1,0.0,0.5,0.0,0.0
IC06291,1,1,1.0,1,0.0,0.5,0.0,0.0
IC06312,1,1,1.0,1,0.0,0.5,0.0,0.0
IC06314,1,1,1.0,1,0.0,0.5,0.0,0.0
IC06352,1,1,1.0,1,0.0,0.5,0.0,0.0
IC06343,1,1,1.0,1,0.0,0.5,0.0,0.0
IC06336,1,1,1.0,1,0.0,0.5,0.0,0.0
IC06337,1,1,1.0,1,0.0,0.5,1.0,0.5
IC06338,1,1,1.0,1,0.0,0.5,0.0,0.0
IC06339,1,1,1.0,1,0.0,0.5,0.0,0.0
IC06340,1,1,1.0,1,0.0,0.5,0.0,0.0
IC06341,1,1,1.0,1,0.0,0.5,0.0,0.0
IC06342,1,1,1.0,1,0.0,0.5,2.0,1.0
IC06344,1,1,1.0,1,0.0,0.5,0.0,0.0
IC06334,1,1,1.0,1,0.0,0.5,0.0,0.0
IC06345,1,1,1.0,1,0.0,0.5,0.0,0.0
IC06346,1,1,1.0,1,0.0,0.5,0.0,0.0
IC06347,1,1,1.0,1,0.0,0.5,0.0,0.0
IC06348,1,1,1.0,1,0.0,0.5,0.0,0.0
IC06349,1,1,1.0,1,0.0,0.5,0.0,0.0
IC06350,1,1,1.0,1,0.0,0.5,0.0,0.0
IC06351,1,1,1.0,1,0.0,0.5,0.0,0.0
IC06335,1,1,1.0,1,0.0,0.5,0.0,0.0
IC06333,1,1,1.0,1,0.0,0.5,0.0,0.0
IC06315,1,1,1.0,1,0.0,0.5,0.0,0.0
IC06323,1,1,1.0,1,0.0,0.5,0.0,0.0
IC06316,1,1,1.0,1,0.0,0.5,1.0,0.5
IC06317,1,1,1.0,1,0.0,0.5,0.0,0.0
IC06318,1,1,1.0,1,0.0,0.5,0.0,0.0
IC06319,1,1,1.0,1,0.0,0.5,0.0,0.0
IC06320,1,1,1.0,1,0.0,0.5,1.0,0.5
IC06321,1,1,1.0,1,0.0,0.5,0.0,0.0
IC06322,1,1,1.0,1,0.0,0.5,0.0,0.0
IC06324,1,1,1.0,1,0.0,0.5,0.0,0.0
IC06332,1,1,1.0,1,0.0,0.5,0.0,0.0
IC06325,1,1,1.0,1,0.0,0.5,0.0,0.0
IC06326,1,1,1.0,1,0.0,0.5,0.0,0.0
IC06327,1,1,1.0,1,0.0,0.5,0.0,0.0
IC06328,1,1,1.0,1,0.0,0.5,0.0,0.0
IC06329,1,1,1.0,1,0.0,0.5,0.0,0.0
IC06330,1,1,1.0,1,0.0,0.5,0.0,0.0
IC06331,1,1,1.0,1,0.0,0.5,0.0,0.0
IC06092,1,1,1.0,1,0.0,0.5,0.0,0.0
IC06091,1,1,1.0,1,0.0,0.5,0.0,0.0
IC06090,1,1,1.0,1,0.0,0.5,0.0,0.0
IC05726,1,1,1.0,1,0.0,0.5,0.0,0.0
IC05718,1,1,1.0,1,0.0,0.5,0.0,0.0
IC05719,1,1,1.0,1,0.0,0.5,0.0,0.0
IC05720,1,1,1.0,1,0.0,0.5,0.0,0.0
IC05722,1,1,1.0,1,0.0,0.5,0.0,0.0
IC00771,1,1,1.0,1,0.0,0.5,0.0,0.0
IC05724,1,1,1.0,1,0.0,0.5,0.0,0.0
IC05725,1,1,1.0,1,0.0,0.5,0.0,0.0
IC05727,1,1,1.0,1,0.0,0.5,0.0,0.0
IC05716,1,1,1.0,1,0.0,0.5,0.0,0.0
IC05728,1,1,1.0,1,0.0,0.5,0.0,0.0
IC05729,1,1,1.0,1,0.0,0.5,0.0,0.0
IC05730,1,1,1.0,1,0.0,0.5,0.0,0.0
IC05731,1,1,1.0,1,0.0,0.5,0.0,0.0
IC05732,1,1,1.0,1,0.0,0.5,0.0,0.0
IC05734,1,1,1.0,1,0.0,0.5,1.0,0.5
IC05735,1,1,1.0,1,0.0,0.5,0.0,0.0
IC05717,1,1,1.0,1,0.0,0.5,0.0,0.0
IC05715,1,1,1.0,1,0.0,0.5,0.0,0.0
IC05737,1,1,1.0,1,0.0,0.5,0.0,0.0
IC05704,1,1,1.0,1,0.0,0.5,0.0,0.0
IC05697,1,1,1.0,1,0.0,0.5,0.0,0.0
IC05698,1,1,1.0,1,0.0,0.5,0.0,0.0
IC05699,1,1,1.0,1,0.0,0.5,0.0,0.0
IC05700,1,1,1.0,1,0.0,0.5,0.0,0.0
IC05701,1,1,1.0,1,0.0,0.5,0.0,0.0
IC05702,1,1,1.0,1,0.0,0.5,0.0,0.0
IC05703,1,1,1.0,1,0.0,0.5,1.0,0.5
IC05706,1,1,1.0,1,0.0,0.5,0.0,0.0
IC05714,1,1,1.0,1,0.0,0.5,0.0,0.0
IC05707,1,1,1.0,1,0.0,0.5,1.0,0.5
IC05708,1,1,1.0,1,0.0,0.5,1.0,0.5
IC05709,1,1,1.0,1,0.0,0.5,0.0,0.0
IC05710,1,1,1.0,1,0.0,0.5,0.0,0.0
IC05711,1,1,1.0,1,0.0,0.5,0.0,0.0
IC05712,1,1,1.0,1,0.0,0.5,0.0,0.0
IC05713,1,1,1.0,1,0.0,0.5,0.0,0.0
IC05736,1,1,1.0,1,0.0,0.5,0.0,0.0
IC05738,1,1,1.0,1,0.0,0.5,0.0,0.0
IC05695,1,1,1.0,1,0.0,0.5,0.0,0.0
IC05787,1,1,1.0,1,0.0,0.5,0.0,0.0
IC05776,1,1,1.0,1,0.0,0.5,0.0,0.0
IC00701,1,1,1.0,1,0.0,0.5,0.0,0.0
IC05781,1,1,1.0,1,0.0,0.5,0.0,0.0
IC05782,1,1,1.0,1,0.0,0.5,0.0,0.0
IC05783,1,1,1.0,1,0.0,0.5,0.0,0.0
IC00700,1,1,1.0,1,0.0,0.5,0.0,0.0
IC00699,1,1,1.0,1,0.0,0.5,0.0,0.0
IC05788,1,1,1.0,1,0.0,0.5,2.0,1.0
IC05772,1,1,1.0,1,0.0,0.5,0.0,0.0
IC05789,1,1,1.0,1,0.0,0.5,0.0,0.0
IC00698,1,1,1.0,1,0.0,0.5,0.0,0.0
IC05791,1,1,1.0,1,0.0,0.5,0.0,0.0
IC05792,1,1,1.0,1,0.0,0.5,1.0,0.5
IC00697,1,1,1.0,1,0.0,0.5,0.0,0.0
IC05801,1,1,1.0,1,0.0,0.5,1.0,0.5
IC00696,1,1,1.0,1,0.0,0.5,0.0,0.0
IC05773,1,1,1.0,1,0.0,0.5,1.0,0.5
IC00702,1,1,1.0,1,0.0,0.5,0.0,0.0
IC05741,1,1,1.0,1,0.0,0.5,0.0,0.0
IC00724,1,1,1.0,1,0.0,0.5,0.0,0.0
IC05743,1,1,1.0,1,0.0,0.5,0.0,0.0
IC05744,1,1,1.0,1,0.0,0.5,0.0,0.0
IC00755,1,1,1.0,1,0.0,0.5,2.0,1.0
IC05750,1,1,1.0,1,0.0,0.5,4.0,2.0
IC00747,1,1,1.0,1,0.0,0.5,0.0,0.0
IC00738,1,1,1.0,1,0.0,0.5,0.0,0.0
IC00732,1,1,1.0,1,0.0,0.5,1.0,0.5
IC00721,1,1,1.0,1,0.0,0.5,0.0,0.0
IC00703,1,1,1.0,1,0.0,0.5,0.0,0.0
IC00714,1,1,1.0,1,0.0,0.5,0.0,0.0
IC05759,1,1,1.0,1,0.0,0.5,0.0,0.0
IC05760,1,1,1.0,1,0.0,0.5,0.0,0.0
IC05761,1,1,1.0,1,0.0,0.5,0.0,0.0
IC05763,1,1,1.0,1,0.0,0.5,5.0,2.5
IC05765,1,1,1.0,1,0.0,0.5,0.0,0.0
IC00707,1,1,1.0,1,0.0,0.5,0.0,0.0
IC05696,1,1,1.0,1,0.0,0.5,0.0,0.0
IC05694,1,1,1.0,1,0.0,0.5,0.0,0.0
IC05804,1,1,1.0,1,0.0,0.5,0.0,0.0
IC05641,1,1,1.0,1,0.0,0.5,0.0,0.0
IC05634,1,1,1.0,1,0.0,0.5,0.0,0.0
IC05635,1,1,1.0,1,0.0,0.5,0.0,0.0
IC05636,1,1,1.0,1,0.0,0.5,0.0,0.0
IC05637,1,1,1.0,1,0.0,0.5,0.0,0.0
IC05638,1,1,1.0,1,0.0,0.5,0.0,0.0
IC05639,1,1,1.0,1,0.0,0.5,1.0,0.5
IC05640,1,1,1.0,1,0.0,0.5,0.0,0.0
IC05642,1,1,1.0,1,0.0,0.5,0.0,0.0
IC05632,1,1,1.0,1,0.0,0.5,0.0,0.0
IC05643,1,1,1.0,1,0.0,0.5,0.0,0.0
IC05644,1,1,1.0,1,0.0,0.5,0.0,0.0
IC00778,1,1,1.0,1,0.0,0.5,0.0,0.0
IC05646,1,1,1.0,1,0.0,0.5,0.0,0.0
IC05647,1,1,1.0,1,0.0,0.5,0.0,0.0
IC05648,1,1,1.0,1,0.0,0.5,0.0,0.0
IC05649,1,1,1.0,1,0.0,0.5,1.0,0.5
IC05633,1,1,1.0,1,0.0,0.5,0.0,0.0
IC00779,1,1,1.0,1,0.0,0.5,0.0,0.0
IC05651,1,1,1.0,1,0.0,0.5,0.0,0.0
IC05620,1,1,1.0,1,0.0,0.5,1.0,0.5
IC05613,1,1,1.0,1,0.0,0.5,1.0,0.5
IC05614,1,1,1.0,1,0.0,0.5,0.0,0.0
IC05615,1,1,1.0,1,0.0,0.5,0.0,0.0
IC05616,1,1,1.0,1,0.0,0.5,2.0,1.0
IC05617,1,1,1.0,1,0.0,0.5,0.0,0.0
IC05618,1,1,1.0,1,0.0,0.5,0.0,0.0
IC05619,1,1,1.0,1,0.0,0.5,0.0,0.0
IC05621,1,1,1.0,1,0.0,0.5,0.0,0.0
IC05630,1,1,1.0,1,0.0,0.5,0.0,0.0
IC05622,1,1,1.0,1,0.0,0.5,0.0,0.0
IC05624,1,1,1.0,1,0.0,0.5,0.0,0.0
IC05625,1,1,1.0,1,0.0,0.5,1.0,0.5
IC05626,1,1,1.0,1,0.0,0.5,0.0,0.0
IC05627,1,1,1.0,1,0.0,0.5,0.0,0.0
IC05628,1,1,1.0,1,0.0,0.5,0.0,0.0
IC05629,1,1,1.0,1,0.0,0.5,0.0,0.0
IC05650,1,1,1.0,1,0.0,0.5,0.0,0.0
IC05652,1,1,1.0,1,0.0,0.5,0.0,0.0
IC05693,1,1,1.0,1,0.0,0.5,0.0,0.0
IC05682,1,1,1.0,1,0.0,0.5,0.0,0.0
IC05675,1,1,1.0,1,0.0,0.5,0.0,0.0
IC05676,1,1,1.0,1,0.0,0.5,0.0,0.0
IC05677,1,1,1.0,1,0.0,0.5,0.0,0.0
IC05678,1,1,1.0,1,0.0,0.5,1.0,0.5
IC05679,1,1,1.0,1,0.0,0.5,0.0,0.0
IC05680,1,1,1.0,1,0.0,0.5,0.0,0.0
IC05681,1,1,1.0,1,0.0,0.5,0.0,0.0
IC05683,1,1,1.0,1,0.0,0.5,0.0,0.0
IC05673,1,1,1.0,1,0.0,0.5,0.0,0.0
IC05684,1,1,1.0,1,0.0,0.5,1.0,0.5
IC05685,1,1,1.0,1,0.0,0.5,0.0,0.0
IC05686,1,1,1.0,1,0.0,0.5,0.0,0.0
IC05687,1,1,1.0,1,0.0,0.5,0.0,0.0
IC05689,1,1,1.0,1,0.0,0.5,0.0,0.0
IC05690,1,1,1.0,1,0.0,0.5,0.0,0.0
IC05691,1,1,1.0,1,0.0,0.5,0.0,0.0
IC05674,1,1,1.0,1,0.0,0.5,0.0,0.0
IC05672,1,1,1.0,1,0.0,0.5,0.0,0.0
IC05653,1,1,1.0,1,0.0,0.5,0.0,0.0
IC05661,1,1,1.0,1,0.0,0.5,0.0,0.0
IC05654,1,1,1.0,1,0.0,0.5,0.0,0.0
IC05655,1,1,1.0,1,0.0,0.5,0.0,0.0
IC05656,1,1,1.0,1,0.0,0.5,0.0,0.0
IC05657,1,1,1.0,1,0.0,0.5,0.0,0.0
IC05658,1,1,1.0,1,0.0,0.5,1.0,0.5
IC01184,1,1,1.0,1,0.0,0.5,0.0,0.0
IC05660,1,1,1.0,1,0.0,0.5,0.0,0.0
IC05662,1,1,1.0,1,0.0,0.5,0.0,0.0
IC05671,1,1,1.0,1,0.0,0.5,0.0,0.0
IC05663,1,1,1.0,1,0.0,0.5,0.0,0.0
IC05664,1,1,1.0,1,0.0,0.5,0.0,0.0
IC05666,1,1,1.0,1,0.0,0.5,4.0,2.0
IC05667,1,1,1.0,1,0.0,0.5,0.0,0.0
IC05668,1,1,1.0,1,0.0,0.5,0.0,0.0
IC05669,1,1,1.0,1,0.0,0.5,0.0,0.0
IC05670,1,1,1.0,1,0.0,0.5,0.0,0.0
IC05803,1,1,1.0,1,0.0,0.5,1.0,0.5
IC05805,1,1,1.0,1,0.0,0.5,0.0,0.0
IC06089,1,1,1.0,1,0.0,0.5,0.0,0.0
IC06019,1,1,1.0,1,0.0,0.5,0.0,0.0
IC06003,1,1,1.0,1,0.0,0.5,0.0,0.0
IC06004,1,1,1.0,1,0.0,0.5,0.0,0.0
IC06006,1,1,1.0,1,0.0,0.5,0.0,0.0
IC06008,1,1,1.0,1,0.0,0.5,0.0,0.0
IC06009,1,1,1.0,1,0.0,0.5,0.0,0.0
IC06013,1,1,1.0,1,0.0,0.5,0.0,0.0
IC06017,1,1,1.0,1,0.0,0.5,0.0,0.0
IC06020,1,1,1.0,1,0.0,0.5,0.0,0.0
IC05995,1,1,1.0,1,0.0,0.5,0.0,0.0
IC06021,1,1,1.0,1,0.0,0.5,0.0,0.0
IC06023,1,1,1.0,1,0.0,0.5,0.0,0.0
IC06025,1,1,1.0,1,0.0,0.5,0.0,0.0
IC06027,1,1,1.0,1,0.0,0.5,0.0,0.0
IC06028,1,1,1.0,1,0.0,0.5,0.0,0.0
IC06029,1,1,1.0,1,0.0,0.5,1.0,0.5
IC00514,1,1,1.0,1,0.0,0.5,0.0,0.0
IC05996,1,1,1.0,1,0.0,0.5,0.0,0.0
IC05994,1,1,1.0,1,0.0,0.5,0.0,0.0
IC06034,1,1,1.0,1,0.0,0.5,0.0,0.0
IC05976,1,1,1.0,1,0.0,0.5,0.0,0.0
IC05968,1,1,1.0,1,0.0,0.5,0.0,0.0
IC05969,1,1,1.0,1,0.0,0.5,0.0,0.0
IC05970,1,1,1.0,1,0.0,0.5,0.0,0.0
IC05971,1,1,1.0,1,0.0,0.5,0.0,0.0
IC00532,1,1,1.0,1,0.0,0.5,2.0,1.0
IC05974,1,1,1.0,1,0.0,0.5,1.0,0.5
IC05975,1,1,1.0,1,0.0,0.5,0.0,0.0
IC05977,1,1,1.0,1,0.0,0.5,0.0,0.0
IC05991,1,1,1.0,1,0.0,0.5,0.0,0.0
IC00531,1,1,1.0,1,0.0,0.5,6.0,3.0
IC05981,1,1,1.0,1,0.0,0.5,0.0,0.0
IC05982,1,1,1.0,1,0.0,0.5,0.0,0.0
IC05984,1,1,1.0,1,0.0,0.5,0.0,0.0
IC05985,1,1,1.0,1,0.0,0.5,0.0,0.0
IC05987,1,1,1.0,1,0.0,0.5,0.0,0.0
IC05989,1,1,1.0,1,0.0,0.5,0.0,0.0
IC06032,1,1,1.0,1,0.0,0.5,4.0,2.0
IC00504,1,1,1.0,1,0.0,0.5,1.0,0.5
IC05962,1,1,1.0,1,0.0,0.5,0.0,0.0
IC06080,1,1,1.0,1,0.0,0.5,0.0,0.0
IC06073,1,1,1.0,1,0.0,0.5,0.0,0.0
IC06074,1,1,1.0,1,0.0,0.5,0.0,0.0
IC00346,1,1,1.0,1,0.0,0.5,0.0,0.0
IC06076,1,1,1.0,1,0.0,0.5,0.0,0.0
IC06077,1,1,1.0,1,0.0,0.5,0.0,0.0
IC06078,1,1,1.0,1,0.0,0.5,0.0,0.0
IC06079,1,1,1.0,1,0.0,0.5,0.0,0.0
IC06081,1,1,1.0,1,0.0,0.5,0.0,0.0
IC06071,1,1,1.0,1,0.0,0.5,0.0,0.0
IC06082,1,1,1.0,1,0.0,0.5,0.0,0.0
IC06083,1,1,1.0,1,0.0,0.5,1.0,0.5
IC06084,1,1,1.0,1,0.0,0.5,0.0,0.0
IC06085,1,1,1.0,1,0.0,0.5,0.0,0.0
IC06086,1,1,1.0,1,0.0,0.5,0.0,0.0
IC06087,1,1,1.0,1,0.0,0.5,0.0,0.0
IC06088,1,1,1.0,1,0.0,0.5,0.0,0.0
IC06072,1,1,1.0,1,0.0,0.5,0.0,0.0
IC06070,1,1,1.0,1,0.0,0.5,0.0,0.0
IC06037,1,1,1.0,1,0.0,0.5,1.0,0.5
IC06047,1,1,1.0,1,0.0,0.5,0.0,0.0
IC06038,1,1,1.0,1,0.0,0.5,0.0,0.0
IC06041,1,1,1.0,1,0.0,0.5,1.0,0.5
IC00424,1,1,1.0,1,0.0,0.5,0.0,0.0
IC06043,1,1,1.0,1,0.0,0.5,0.0,0.0
IC06044,1,1,1.0,1,0.0,0.5,0.0,0.0
IC06045,1,1,1.0,1,0.0,0.5,0.0,0.0
IC06046,1,1,1.0,1,0.0,0.5,0.0,0.0
IC06053,1,1,1.0,1,0.0,0.5,0.0,0.0
IC00368,1,1,1.0,1,0.0,0.5,0.0,0.0
IC06054,1,1,1.0,1,0.0,0.5,0.0,0.0
IC06056,1,1,1.0,1,0.0,0.5,0.0,0.0
IC06057,1,1,1.0,1,0.0,0.5,0.0,0.0
IC06058,1,1,1.0,1,0.0,0.5,0.0,0.0
IC06060,1,1,1.0,1,0.0,0.5,1.0,0.5
IC06062,1,1,1.0,1,0.0,0.5,2.0,1.0
IC06065,1,1,1.0,1,0.0,0.5,0.0,0.0
IC05963,1,1,1.0,1,0.0,0.5,0.0,0.0
IC05961,1,1,1.0,1,0.0,0.5,0.0,0.0
IC00692,1,1,1.0,1,0.0,0.5,0.0,0.0
IC05841,1,1,1.0,1,0.0,0.5,0.0,0.0
IC00682,1,1,1.0,1,0.0,0.5,1.0,0.5
IC05833,1,1,1.0,1,0.0,0.5,0.0,0.0
IC05834,1,1,1.0,1,0.0,0.5,0.0,0.0
IC05835,1,1,1.0,1,0.0,0.5,0.0,0.0
IC05837,1,1,1.0,1,0.0,0.5,0.0,0.0
IC00680,1,1,1.0,1,0.0,0.5,147.0,73.5
IC05840,1,1,1.0,1,0.0,0.5,0.0,0.0
IC05842,1,1,1.0,1,0.0,0.5,0.0,0.0
IC05830,1,1,1.0,1,0.0,0.5,0.0,0.0
IC05843,1,1,1.0,1,0.0,0.5,0.0,0.0
IC05844,1,1,1.0,1,0.0,0.5,0.0,0.0
IC05845,1,1,1.0,1,0.0,0.5,0.0,0.0
IC05846,1,1,1.0,1,0.0,0.5,0.0,0.0
IC05847,1,1,1.0,1,0.0,0.5,1.0,0.5
IC00667,1,1,1.0,1,0.0,0.5,0.0,0.0
IC05851,1,1,1.0,1,0.0,0.5,0.0,0.0
IC05831,1,1,1.0,1,0.0,0.5,0.0,0.0
IC05829,1,1,1.0,1,0.0,0.5,0.0,0.0
IC00666,1,1,1.0,1,0.0,0.5,0.0,0.0
IC00690,1,1,1.0,1,0.0,0.5,0.0,0.0
IC05807,1,1,1.0,1,0.0,0.5,1.0,0.5
IC05808,1,1,1.0,1,0.0,0.5,0.0,0.0
IC05810,1,1,1.0,1,0.0,0.5,0.0,0.0
IC05811,1,1,1.0,1,0.0,0.5,0.0,0.0
IC05812,1,1,1.0,1,0.0,0.5,0.0,0.0
IC05813,1,1,1.0,1,0.0,0.5,0.0,0.0
IC05815,1,1,1.0,1,0.0,0.5,0.0,0.0
IC00688,1,1,1.0,1,0.0,0.5,0.0,0.0
IC05828,1,1,1.0,1,0.0,0.5,0.0,0.0
IC05819,1,1,1.0,1,0.0,0.5,4.0,2.0
IC05820,1,1,1.0,1,0.0,0.5,0.0,0.0
IC05821,1,1,1.0,1,0.0,0.5,0.0,0.0
IC05822,1,1,1.0,1,0.0,0.5,0.0,0.0
IC00687,1,1,1.0,1,0.0,0.5,0.0,0.0
IC05826,1,1,1.0,1,0.0,0.5,1.0,0.5
IC05827,1,1,1.0,1,0.0,0.5,0.0,0.0
IC05855,1,1,1.0,1,0.0,0.5,3.0,1.5
IC00631,1,1,1.0,1,0.0,0.5,0.0,0.0
IC00533,1,1,1.0,1,0.0,0.5,0.0,0.0
IC00536,1,1,1.0,1,0.0,0.5,3.0,1.5
IC05919,1,1,1.0,1,0.0,0.5,1.0,0.5
IC05920,1,1,1.0,1,0.0,0.5,0.0,0.0
IC05924,1,1,1.0,1,0.0,0.5,0.0,0.0
IC00549,1,1,1.0,1,0.0,0.5,0.0,0.0
IC00538,1,1,1.0,1,0.0,0.5,7.0,3.5
IC05928,1,1,1.0,1,0.0,0.5,0.0,0.0
IC00537,1,1,1.0,1,0.0,0.5,8.0,4.0
IC05936,1,1,1.0,1,0.0,0.5,0.0,0.0
IC05916,1,1,1.0,1,0.0,0.5,0.0,0.0
IC00534,1,1,1.0,1,0.0,0.5,4.0,2.0
IC05944,1,1,1.0,1,0.0,0.5,0.0,0.0
IC05945,1,1,1.0,1,0.0,0.5,0.0,0.0
IC05952,1,1,1.0,1,0.0,0.5,0.0,0.0
IC05953,1,1,1.0,1,0.0,0.5,0.0,0.0
IC05954,1,1,1.0,1,0.0,0.5,0.0,0.0
IC05959,1,1,1.0,1,0.0,0.5,0.0,0.0
IC05918,1,1,1.0,1,0.0,0.5,0.0,0.0
IC05910,1,1,1.0,1,0.0,0.5,0.0,0.0
IC00626,1,1,1.0,1,0.0,0.5,10.0,5.0
IC05889,1,1,1.0,1,0.0,0.5,0.0,0.0
IC05870,1,1,1.0,1,0.0,0.5,0.0,0.0
IC00622,1,1,1.0,1,0.0,0.5,64.0,32.0
IC05874,1,1,1.0,1,0.0,0.5,0.0,0.0
IC00618,1,1,1.0,1,0.0,0.5,0.0,0.0
IC05881,1,1,1.0,1,0.0,0.5,0.0,0.0
IC05884,1,1,1.0,1,0.0,0.5,0.0,0.0
IC05886,1,1,1.0,1,0.0,0.5,0.0,0.0
IC05891,1,1,1.0,1,0.0,0.5,0.0,0.0
IC00608,1,1,1.0,1,0.0,0.5,0.0,0.0
IC05893,1,1,1.0,1,0.0,0.5,1.0,0.5
IC05896,1,1,1.0,1,0.0,0.5,0.0,0.0
IC05898,1,1,1.0,1,0.0,0.5,1.0,0.5
IC05900,1,1,1.0,1,0.0,0.5,0.0,0.0
IC00611,1,1,1.0,1,0.0,0.5,40.0,20.0
IC05903,1,1,1.0,1,0.0,0.5,0.0,0.0
IC05905,1,1,1.0,1,0.0,0.5,0.0,0.0
IC04807,1,1,1.0,1,0.0,0.5,1.0,0.5
IC01289,1,1,1.0,1,0.0,0.5,0.0,0.0
IC04805,1,1,1.0,1,0.0,0.5,0.0,0.0
IC03283,1,1,1.0,1,0.0,0.5,0.0,0.0
IC02129,1,1,1.0,1,0.0,0.5,0.0,0.0
IC02128,1,1,1.0,1,0.0,0.5,0.0,0.0
IC02127,1,1,1.0,1,0.0,0.5,0.0,0.0
IC02126,1,1,1.0,1,0.0,0.5,0.0,0.0
IC03279,1,1,1.0,1,0.0,0.5,0.0,0.0
IC03280,1,1,1.0,1,0.0,0.5,0.0,0.0
IC03282,1,1,1.0,1,0.0,0.5,0.0,0.0
IC03284,1,1,1.0,1,0.0,0.5,0.0,0.0
IC03295,1,1,1.0,1,0.0,0.5,0.0,0.0
IC02122,1,1,1.0,1,0.0,0.5,0.0,0.0
IC03288,1,1,1.0,1,0.0,0.5,0.0,0.0
IC03289,1,1,1.0,1,0.0,0.5,0.0,0.0
IC03290,1,1,1.0,1,0.0,0.5,0.0,0.0
IC03291,1,1,1.0,1,0.0,0.5,0.0,0.0
IC03292,1,1,1.0,1,0.0,0.5,0.0,0.0
IC02120,1,1,1.0,1,0.0,0.5,0.0,0.0
IC02130,1,1,1.0,1,0.0,0.5,0.0,0.0
IC02131,1,1,1.0,1,0.0,0.5,0.0,0.0
IC02132,1,1,1.0,1,0.0,0.5,0.0,0.0
IC02133,1,1,1.0,1,0.0,0.5,0.0,0.0
IC02149,1,1,1.0,1,0.0,0.5,0.0,0.0
IC02148,1,1,1.0,1,0.0,0.5,0.0,0.0
IC03253,1,1,1.0,1,0.0,0.5,0.0,0.0
IC02147,1,1,1.0,1,0.0,0.5,0.0,0.0
IC02146,1,1,1.0,1,0.0,0.5,0.0,0.0
IC03256,1,1,1.0,1,0.0,0.5,0.0,0.0
IC02144,1,1,1.0,1,0.0,0.5,0.0,0.0
IC03259,1,1,1.0,1,0.0,0.5,0.0,0.0
IC03260,1,1,1.0,1,0.0,0.5,0.0,0.0
IC02142,1,1,1.0,1,0.0,0.5,0.0,0.0
IC03263,1,1,1.0,1,0.0,0.5,0.0,0.0
IC03264,1,1,1.0,1,0.0,0.5,0.0,0.0
IC03265,1,1,1.0,1,0.0,0.5,0.0,0.0
IC02139,1,1,1.0,1,0.0,0.5,0.0,0.0
IC02136,1,1,1.0,1,0.0,0.5,0.0,0.0
IC02119,1,1,1.0,1,0.0,0.5,0.0,0.0
IC03296,1,1,1.0,1,0.0,0.5,0.0,0.0
IC02150,1,1,1.0,1,0.0,0.5,0.0,0.0
IC03327,1,1,1.0,1,0.0,0.5,0.0,0.0
IC03320,1,1,1.0,1,0.0,0.5,1.0,0.5
IC02098,1,1,1.0,1,0.0,0.5,0.0,0.0
IC03322,1,1,1.0,1,0.0,0.5,0.0,0.0
IC02097,1,1,1.0,1,0.0,0.5,3.0,1.5
IC02096,1,1,1.0,1,0.0,0.5,0.0,0.0
IC02095,1,1,1.0,1,0.0,0.5,0.0,0.0
IC03326,1,1,1.0,1,0.0,0.5,0.0,0.0
IC03328,1,1,1.0,1,0.0,0.5,0.0,0.0
IC02116,1,1,1.0,1,0.0,0.5,0.0,0.0
IC03329,1,1,1.0,1,0.0,0.5,0.0,0.0
IC03330,1,1,1.0,1,0.0,0.5,0.0,0.0
IC02094,1,1,1.0,1,0.0,0.5,1.0,0.5
IC03332,1,1,1.0,1,0.0,0.5,0.0,0.0
IC03333,1,1,1.0,1,0.0,0.5,0.0,0.0
IC03335,1,1,1.0,1,0.0,0.5,0.0,0.0
IC02088,1,1,1.0,1,0.0,0.5,1.0,0.5
IC02099,1,1,1.0,1,0.0,0.5,0.0,0.0
IC03317,1,1,1.0,1,0.0,0.5,0.0,0.0
IC03316,1,1,1.0,1,0.0,0.5,0.0,0.0
IC03315,1,1,1.0,1,0.0,0.5,0.0,0.0
IC03298,1,1,1.0,1,0.0,0.5,0.0,0.0
IC02115,1,1,1.0,1,0.0,0.5,0.0,0.0
IC02114,1,1,1.0,1,0.0,0.5,0.0,0.0
IC03301,1,1,1.0,1,0.0,0.5,0.0,0.0
IC02111,1,1,1.0,1,0.0,0.5,3.0,1.5
IC02110,1,1,1.0,1,0.0,0.5,0.0,0.0
IC03305,1,1,1.0,1,0.0,0.5,0.0,0.0
IC03306,1,1,1.0,1,0.0,0.5,0.0,0.0
IC02109,1,1,1.0,1,0.0,0.5,0.0,0.0
IC03308,1,1,1.0,1,0.0,0.5,0.0,0.0
IC02106,1,1,1.0,1,0.0,0.5,0.0,0.0
IC03310,1,1,1.0,1,0.0,0.5,0.0,0.0
IC03311,1,1,1.0,1,0.0,0.5,0.0,0.0
IC03313,1,1,1.0,1,0.0,0.5,0.0,0.0
IC02104,1,1,1.0,1,0.0,0.5,0.0,0.0
IC03250,1,1,1.0,1,0.0,0.5,0.0,0.0
IC02151,1,1,1.0,1,0.0,0.5,0.0,0.0
IC03338,1,1,1.0,1,0.0,0.5,0.0,0.0
IC02249,1,1,1.0,1,0.0,0.5,0.0,0.0
IC03180,1,1,1.0,1,0.0,0.5,0.0,0.0
IC03181,1,1,1.0,1,0.0,0.5,1.0,0.5
IC03183,1,1,1.0,1,0.0,0.5,0.0,0.0
IC02250,1,1,1.0,1,0.0,0.5,0.0,0.0
IC03187,1,1,1.0,1,0.0,0.5,0.0,0.0
IC03188,1,1,1.0,1,0.0,0.5,0.0,0.0
IC03189,1,1,1.0,1,0.0,0.5,0.0,0.0
IC02246,1,1,1.0,1,0.0,0.5,0.0,0.0
IC02233,1,1,1.0,1,0.0,0.5,0.0,0.0
IC02244,1,1,1.0,1,0.0,0.5,0.0,0.0
IC02243,1,1,1.0,1,0.0,0.5,0.0,0.0
IC02241,1,1,1.0,1,0.0,0.5,0.0,0.0
IC02240,1,1,1.0,1,0.0,0.5,0.0,0.0
IC02239,1,1,1.0,1,0.0,0.5,1.0,0.5
IC02235,1,1,1.0,1,0.0,0.5,0.0,0.0
IC02234,1,1,1.0,1,0.0,0.5,0.0,0.0
IC02254,1,1,1.0,1,0.0,0.5,0.0,0.0
IC03178,1,1,1.0,1,0.0,0.5,0.0,0.0
IC02259,1,1,1.0,1,0.0,0.5,0.0,0.0
IC02260,1,1,1.0,1,0.0,0.5,2.0,1.0
IC02278,1,1,1.0,1,0.0,0.5,0.0,0.0
IC02276,1,1,1.0,1,0.0,0.5,0.0,0.0
IC03159,1,1,1.0,1,0.0,0.5,0.0,0.0
IC02275,1,1,1.0,1,0.0,0.5,0.0,0.0
IC03161,1,1,1.0,1,0.0,0.5,2.0,1.0
IC03162,1,1,1.0,1,0.0,0.5,0.0,0.0
IC03163,1,1,1.0,1,0.0,0.5,0.0,0.0
IC03164,1,1,1.0,1,0.0,0.5,0.0,0.0
IC02273,1,1,1.0,1,0.0,0.5,0.0,0.0
IC02272,1,1,1.0,1,0.0,0.5,0.0,0.0
IC03169,1,1,1.0,1,0.0,0.5,0.0,0.0
IC03170,1,1,1.0,1,0.0,0.5,0.0,0.0
IC02268,1,1,1.0,1,0.0,0.5,0.0,0.0
IC03174,1,1,1.0,1,0.0,0.5,0.0,0.0
IC02262,1,1,1.0,1,0.0,0.5,1.0,0.5
IC03199,1,1,1.0,1,0.0,0.5,0.0,0.0
IC03201,1,1,1.0,1,0.0,0.5,0.0,0.0
IC02152,1,1,1.0,1,0.0,0.5,0.0,0.0
IC02168,1,1,1.0,1,0.0,0.5,4.0,2.0
IC03226,1,1,1.0,1,0.0,0.5,0.0,0.0
IC03228,1,1,1.0,1,0.0,0.5,0.0,0.0
IC03230,1,1,1.0,1,0.0,0.5,0.0,0.0
IC03231,1,1,1.0,1,0.0,0.5,0.0,0.0
IC03232,1,1,1.0,1,0.0,0.5,0.0,0.0
IC02176,1,1,1.0,1,0.0,0.5,0.0,0.0
IC02170,1,1,1.0,1,0.0,0.5,0.0,0.0
IC03237,1,1,1.0,1,0.0,0.5,1.0,0.5
IC03202,1,1,1.0,1,0.0,0.5,0.0,0.0
IC03238,1,1,1.0,1,0.0,0.5,0.0,0.0
IC02162,1,1,1.0,1,0.0,0.5,2.0,1.0
IC03241,1,1,1.0,1,0.0,0.5,0.0,0.0
IC02159,1,1,1.0,1,0.0,0.5,0.0,0.0
IC02157,1,1,1.0,1,0.0,0.5,0.0,0.0
IC02156,1,1,1.0,1,0.0,0.5,0.0,0.0
IC02155,1,1,1.0,1,0.0,0.5,0.0,0.0
IC03225,1,1,1.0,1,0.0,0.5,0.0,0.0
IC02186,1,1,1.0,1,0.0,0.5,0.0,0.0
IC02192,1,1,1.0,1,0.0,0.5,0.0,0.0
IC02193,1,1,1.0,1,0.0,0.5,0.0,0.0
IC02227,1,1,1.0,1,0.0,0.5,2.0,1.0
IC02226,1,1,1.0,1,0.0,0.5,0.0,0.0
IC02224,1,1,1.0,1,0.0,0.5,0.0,0.0
IC03207,1,1,1.0,1,0.0,0.5,1.0,0.5
IC03208,1,1,1.0,1,0.0,0.5,0.0,0.0
IC02223,1,1,1.0,1,0.0,0.5,2.0,1.0
IC02220,1,1,1.0,1,0.0,0.5,0.0,0.0
IC02217,1,1,1.0,1,0.0,0.5,0.0,0.0
IC03212,1,1,1.0,1,0.0,0.5,1.0,0.5
IC02210,1,1,1.0,1,0.0,0.5,0.0,0.0
IC02203,1,1,1.0,1,0.0,0.5,0.0,0.0
IC03216,1,1,1.0,1,0.0,0.5,0.0,0.0
IC03218,1,1,1.0,1,0.0,0.5,0.0,0.0
IC02200,1,1,1.0,1,0.0,0.5,0.0,0.0
IC02199,1,1,1.0,1,0.0,0.5,0.0,0.0
IC03337,1,1,1.0,1,0.0,0.5,0.0,0.0
IC02087,1,1,1.0,1,0.0,0.5,0.0,0.0
IC04804,1,1,1.0,1,0.0,0.5,0.0,0.0
IC03454,1,1,1.0,1,0.0,0.5,0.0,0.0
IC03446,1,1,1.0,1,0.0,0.5,0.0,0.0
IC03447,1,1,1.0,1,0.0,0.5,0.0,0.0
IC03448,1,1,1.0,1,0.0,0.5,0.0,0.0
IC03450,1,1,1.0,1,0.0,0.5,0.0,0.0
IC03451,1,1,1.0,1,0.0,0.5,0.0,0.0
IC03452,1,1,1.0,1,0.0,0.5,0.0,0.0
IC02038,1,1,1.0,1,0.0,0.5,0.0,0.0
IC03455,1,1,1.0,1,0.0,0.5,0.0,0.0
IC03464,1,1,1.0,1,0.0,0.5,0.0,0.0
IC03456,1,1,1.0,1,0.0,0.5,0.0,0.0
IC03457,1,1,1.0,1,0.0,0.5,0.0,0.0
IC03458,1,1,1.0,1,0.0,0.5,0.0,0.0
IC03459,1,1,1.0,1,0.0,0.5,0.0,0.0
IC03460,1,1,1.0,1,0.0,0.5,1.0,0.5
IC03461,1,1,1.0,1,0.0,0.5,0.0,0.0
IC03462,1,1,1.0,1,0.0,0.5,1.0,0.5
IC03445,1,1,1.0,1,0.0,0.5,0.0,0.0
IC03444,1,1,1.0,1,0.0,0.5,0.0,0.0
IC03443,1,1,1.0,1,0.0,0.5,0.0,0.0
IC03442,1,1,1.0,1,0.0,0.5,0.0,0.0
IC03424,1,1,1.0,1,0.0,0.5,0.0,0.0
IC03428,1,1,1.0,1,0.0,0.5,1.0,0.5
IC03429,1,1,1.0,1,0.0,0.5,0.0,0.0
IC03430,1,1,1.0,1,0.0,0.5,0.0,0.0
IC02042,1,1,1.0,1,0.0,0.5,0.0,0.0
IC03432,1,1,1.0,1,0.0,0.5,0.0,0.0
IC03433,1,1,1.0,1,0.0,0.5,0.0,0.0
IC03434,1,1,1.0,1,0.0,0.5,0.0,0.0
IC03435,1,1,1.0,1,0.0,0.5,0.0,0.0
IC02041,1,1,1.0,1,0.0,0.5,0.0,0.0
IC02040,1,1,1.0,1,0.0,0.5,0.0,0.0
IC03438,1,1,1.0,1,0.0,0.5,0.0,0.0
IC03439,1,1,1.0,1,0.0,0.5,0.0,0.0
IC03440,1,1,1.0,1,0.0,0.5,0.0,0.0
IC03441,1,1,1.0,1,0.0,0.5,0.0,0.0
IC03463,1,1,1.0,1,0.0,0.5,0.0,0.0
IC03465,1,1,1.0,1,0.0,0.5,0.0,0.0
IC03422,1,1,1.0,1,0.0,0.5,0.0,0.0
IC03500,1,1,1.0,1,0.0,0.5,0.0,0.0
IC03493,1,1,1.0,1,0.0,0.5,0.0,0.0
IC03494,1,1,1.0,1,0.0,0.5,0.0,0.0
IC03495,1,1,1.0,1,0.0,0.5,0.0,0.0
IC03496,1,1,1.0,1,0.0,0.5,0.0,0.0
IC03497,1,1,1.0,1,0.0,0.5,0.0,0.0
IC02013,1,1,1.0,1,0.0,0.5,0.0,0.0
IC03499,1,1,1.0,1,0.0,0.5,0.0,0.0
IC03501,1,1,1.0,1,0.0,0.5,0.0,0.0
IC03466,1,1,1.0,1,0.0,0.5,0.0,0.0
IC02011,1,1,1.0,1,0.0,0.5,0.0,0.0
IC03503,1,1,1.0,1,0.0,0.5,0.0,0.0
IC02005,1,1,1.0,1,0.0,0.5,0.0,0.0
IC03506,1,1,1.0,1,0.0,0.5,0.0,0.0
IC03507,1,1,1.0,1,0.0,0.5,0.0,0.0
IC03508,1,1,1.0,1,0.0,0.5,2.0,1.0
IC03509,1,1,1.0,1,0.0,0.5,0.0,0.0
IC03492,1,1,1.0,1,0.0,0.5,0.0,0.0
IC03491,1,1,1.0,1,0.0,0.5,1.0,0.5
IC03490,1,1,1.0,1,0.0,0.5,0.0,0.0
IC02017,1,1,1.0,1,0.0,0.5,0.0,0.0
IC03467,1,1,1.0,1,0.0,0.5,0.0,0.0
IC02037,1,1,1.0,1,0.0,0.5,2.0,1.0
IC03469,1,1,1.0,1,0.0,0.5,1.0,0.5
IC03470,1,1,1.0,1,0.0,0.5,0.0,0.0
IC03471,1,1,1.0,1,0.0,0.5,0.0,0.0
IC03472,1,1,1.0,1,0.0,0.5,0.0,0.0
IC03474,1,1,1.0,1,0.0,0.5,0.0,0.0
IC03475,1,1,1.0,1,0.0,0.5,0.0,0.0
IC03477,1,1,1.0,1,0.0,0.5,0.0,0.0
IC03478,1,1,1.0,1,0.0,0.5,0.0,0.0
IC02031,1,1,1.0,1,0.0,0.5,0.0,0.0
IC03480,1,1,1.0,1,0.0,0.5,0.0,0.0
IC03481,1,1,1.0,1,0.0,0.5,0.0,0.0
IC03486,1,1,1.0,1,0.0,0.5,0.0,0.0
IC03488,1,1,1.0,1,0.0,0.5,1.0,0.5
IC03423,1,1,1.0,1,0.0,0.5,0.0,0.0
IC03421,1,1,1.0,1,0.0,0.5,0.0,0.0
IC03340,1,1,1.0,1,0.0,0.5,0.0,0.0
IC02073,1,1,1.0,1,0.0,0.5,0.0,0.0
IC03361,1,1,1.0,1,0.0,0.5,0.0,0.0
IC03362,1,1,1.0,1,0.0,0.5,0.0,0.0
IC02075,1,1,1.0,1,0.0,0.5,1.0,0.5
IC03364,1,1,1.0,1,0.0,0.5,0.0,0.0
IC03365,1,1,1.0,1,0.0,0.5,0.0,0.0
IC02074,1,1,1.0,1,0.0,0.5,0.0,0.0
IC03367,1,1,1.0,1,0.0,0.5,0.0,0.0
IC03369,1,1,1.0,1,0.0,0.5,0.0,0.0
IC03378,1,1,1.0,1,0.0,0.5,0.0,0.0
IC03370,1,1,1.0,1,0.0,0.5,0.0,0.0
IC02069,1,1,1.0,1,0.0,0.5,0.0,0.0
IC02068,1,1,1.0,1,0.0,0.5,0.0,0.0
IC03373,1,1,1.0,1,0.0,0.5,0.0,0.0
IC03374,1,1,1.0,1,0.0,0.5,0.0,0.0
IC03375,1,1,1.0,1,0.0,0.5,0.0,0.0
IC03376,1,1,1.0,1,0.0,0.5,0.0,0.0
IC02076,1,1,1.0,1,0.0,0.5,0.0,0.0
IC02077,1,1,1.0,1,0.0,0.5,0.0,0.0
IC03357,1,1,1.0,1,0.0,0.5,0.0,0.0
IC03356,1,1,1.0,1,0.0,0.5,0.0,0.0
IC03341,1,1,1.0,1,0.0,0.5,0.0,0.0
IC02086,1,1,1.0,1,0.0,0.5,1.0,0.5
IC03343,1,1,1.0,1,0.0,0.5,0.0,0.0
IC03344,1,1,1.0,1,0.0,0.5,0.0,0.0
IC03345,1,1,1.0,1,0.0,0.5,0.0,0.0
IC03346,1,1,1.0,1,0.0,0.5,0.0,0.0
IC02083,1,1,1.0,1,0.0,0.5,0.0,0.0
IC03348,1,1,1.0,1,0.0,0.5,0.0,0.0
IC03349,1,1,1.0,1,0.0,0.5,0.0,0.0
IC03350,1,1,1.0,1,0.0,0.5,0.0,0.0
IC03351,1,1,1.0,1,0.0,0.5,0.0,0.0
IC03352,1,1,1.0,1,0.0,0.5,0.0,0.0
IC03353,1,1,1.0,1,0.0,0.5,0.0,0.0
IC02080,1,1,1.0,1,0.0,0.5,0.0,0.0
IC03355,1,1,1.0,1,0.0,0.5,0.0,0.0
IC03377,1,1,1.0,1,0.0,0.5,0.0,0.0
IC03379,1,1,1.0,1,0.0,0.5,0.0,0.0
IC03420,1,1,1.0,1,0.0,0.5,0.0,0.0
IC03409,1,1,1.0,1,0.0,0.5,0.0,0.0
IC02058,1,1,1.0,1,0.0,0.5,1.0,0.5
IC03401,1,1,1.0,1,0.0,0.5,0.0,0.0
IC03404,1,1,1.0,1,0.0,0.5,0.0,0.0
IC03405,1,1,1.0,1,0.0,0.5,0.0,0.0
IC03406,1,1,1.0,1,0.0,0.5,0.0,0.0
IC03407,1,1,1.0,1,0.0,0.5,0.0,0.0
IC03408,1,1,1.0,1,0.0,0.5,0.0,0.0
IC03410,1,1,1.0,1,0.0,0.5,0.0,0.0
IC03380,1,1,1.0,1,0.0,0.5,0.0,0.0
IC03411,1,1,1.0,1,0.0,0.5,0.0,0.0
IC03412,1,1,1.0,1,0.0,0.5,1.0,0.5
IC03413,1,1,1.0,1,0.0,0.5,0.0,0.0
IC03414,1,1,1.0,1,0.0,0.5,0.0,0.0
IC02047,1,1,1.0,1,0.0,0.5,0.0,0.0
IC03418,1,1,1.0,1,0.0,0.5,0.0,0.0
IC03419,1,1,1.0,1,0.0,0.5,0.0,0.0
IC03399,1,1,1.0,1,0.0,0.5,0.0,0.0
IC03398,1,1,1.0,1,0.0,0.5,0.0,0.0
IC02059,1,1,1.0,1,0.0,0.5,0.0,0.0
IC03396,1,1,1.0,1,0.0,0.5,0.0,0.0
IC03381,1,1,1.0,1,0.0,0.5,0.0,0.0
IC03382,1,1,1.0,1,0.0,0.5,0.0,0.0
IC03383,1,1,1.0,1,0.0,0.5,0.0,0.0
IC03384,1,1,1.0,1,0.0,0.5,2.0,1.0
IC02067,1,1,1.0,1,0.0,0.5,0.0,0.0
IC02062,1,1,1.0,1,0.0,0.5,0.0,0.0
IC02061,1,1,1.0,1,0.0,0.5,0.0,0.0
IC02060,1,1,1.0,1,0.0,0.5,0.0,0.0
IC03389,1,1,1.0,1,0.0,0.5,0.0,0.0
IC03390,1,1,1.0,1,0.0,0.5,0.0,0.0
IC03391,1,1,1.0,1,0.0,0.5,0.0,0.0
IC03392,1,1,1.0,1,0.0,0.5,0.0,0.0
IC03393,1,1,1.0,1,0.0,0.5,0.0,0.0
IC03394,1,1,1.0,1,0.0,0.5,0.0,0.0
IC03395,1,1,1.0,1,0.0,0.5,0.0,0.0
IC03156,1,1,1.0,1,0.0,0.5,1.0,0.5
IC03155,1,1,1.0,1,0.0,0.5,0.0,0.0
IC03154,1,1,1.0,1,0.0,0.5,0.0,0.0
IC02848,1,1,1.0,1,0.0,0.5,0.0,0.0
IC02504,1,1,1.0,1,0.0,0.5,0.0,0.0
IC02834,1,1,1.0,1,0.0,0.5,0.0,0.0
IC02500,1,1,1.0,1,0.0,0.5,0.0,0.0
IC02840,1,1,1.0,1,0.0,0.5,0.0,0.0
IC02498,1,1,1.0,1,0.0,0.5,0.0,0.0
IC02843,1,1,1.0,1,0.0,0.5,0.0,0.0
IC02845,1,1,1.0,1,0.0,0.5,0.0,0.0
IC02849,1,1,1.0,1,0.0,0.5,0.0,0.0
IC02861,1,1,1.0,1,0.0,0.5,0.0,0.0
IC02850,1,1,1.0,1,0.0,0.5,0.0,0.0
IC02851,1,1,1.0,1,0.0,0.5,0.0,0.0
IC02852,1,1,1.0,1,0.0,0.5,0.0,0.0
IC02854,1,1,1.0,1,0.0,0.5,0.0,0.0
IC02856,1,1,1.0,1,0.0,0.5,0.0,0.0
IC02857,1,1,1.0,1,0.0,0.5,0.0,0.0
IC02491,1,1,1.0,1,0.0,0.5,0.0,0.0
IC02829,1,1,1.0,1,0.0,0.5,2.0,1.0
IC02824,1,1,1.0,1,0.0,0.5,0.0,0.0
IC02822,1,1,1.0,1,0.0,0.5,0.0,0.0
IC02512,1,1,1.0,1,0.0,0.5,0.0,0.0
IC02519,1,1,1.0,1,0.0,0.5,0.0,0.0
IC02518,1,1,1.0,1,0.0,0.5,0.0,0.0
IC02793,1,1,1.0,1,0.0,0.5,0.0,0.0
IC02798,1,1,1.0,1,0.0,0.5,0.0,0.0
IC02517,1,1,1.0,1,0.0,0.5,0.0,0.0
IC02800,1,1,1.0,1,0.0,0.5,0.0,0.0
IC02801,1,1,1.0,1,0.0,0.5,0.0,0.0
IC02802,1,1,1.0,1,0.0,0.5,0.0,0.0
IC02516,1,1,1.0,1,0.0,0.5,1.0,0.5
IC02515,1,1,1.0,1,0.0,0.5,0.0,0.0
IC02514,1,1,1.0,1,0.0,0.5,0.0,0.0
IC02813,1,1,1.0,1,0.0,0.5,0.0,0.0
IC02814,1,1,1.0,1,0.0,0.5,1.0,0.5
IC02513,1,1,1.0,1,0.0,0.5,0.0,0.0
IC02816,1,1,1.0,1,0.0,0.5,0.0,0.0
IC02860,1,1,1.0,1,0.0,0.5,0.0,0.0
IC02862,1,1,1.0,1,0.0,0.5,0.0,0.0
IC02522,1,1,1.0,1,0.0,0.5,0.0,0.0
IC02461,1,1,1.0,1,0.0,0.5,1.0,0.5
IC02902,1,1,1.0,1,0.0,0.5,0.0,0.0
IC02903,1,1,1.0,1,0.0,0.5,0.0,0.0
IC02905,1,1,1.0,1,0.0,0.5,0.0,0.0
IC02906,1,1,1.0,1,0.0,0.5,1.0,0.5
IC02465,1,1,1.0,1,0.0,0.5,0.0,0.0
IC02911,1,1,1.0,1,0.0,0.5,0.0,0.0
IC02912,1,1,1.0,1,0.0,0.5,0.0,0.0
IC02914,1,1,1.0,1,0.0,0.5,0.0,0.0
IC02484,1,1,1.0,1,0.0,0.5,0.0,0.0
IC02459,1,1,1.0,1,0.0,0.5,0.0,0.0
IC02917,1,1,1.0,1,0.0,0.5,1.0,0.5
IC02919,1,1,1.0,1,0.0,0.5,0.0,0.0
IC02921,1,1,1.0,1,0.0,0.5,0.0,0.0
IC02453,1,1,1.0,1,0.0,0.5,0.0,0.0
IC02923,1,1,1.0,1,0.0,0.5,1.0,0.5
IC02926,1,1,1.0,1,0.0,0.5,0.0,0.0
IC02901,1,1,1.0,1,0.0,0.5,0.0,0.0
IC02466,1,1,1.0,1,0.0,0.5,0.0,0.0
IC02467,1,1,1.0,1,0.0,0.5,0.0,0.0
IC02898,1,1,1.0,1,0.0,0.5,0.0,0.0
IC02479,1,1,1.0,1,0.0,0.5,0.0,0.0
IC02868,1,1,1.0,1,0.0,0.5,0.0,0.0
IC02478,1,1,1.0,1,0.0,0.5,0.0,0.0
IC02873,1,1,1.0,1,0.0,0.5,0.0,0.0
IC02476,1,1,1.0,1,0.0,0.5,0.0,0.0
IC02475,1,1,1.0,1,0.0,0.5,0.0,0.0
IC02474,1,1,1.0,1,0.0,0.5,0.0,0.0
IC02882,1,1,1.0,1,0.0,0.5,0.0,0.0
IC02883,1,1,1.0,1,0.0,0.5,0.0,0.0
IC02473,1,1,1.0,1,0.0,0.5,0.0,0.0
IC02472,1,1,1.0,1,0.0,0.5,0.0,0.0
IC02891,1,1,1.0,1,0.0,0.5,0.0,0.0
IC02471,1,1,1.0,1,0.0,0.5,0.0,0.0
IC02895,1,1,1.0,1,0.0,0.5,1.0,0.5
IC02469,1,1,1.0,1,0.0,0.5,5.0,2.5
IC02786,1,1,1.0,1,0.0,0.5,0.0,0.0
IC02783,1,1,1.0,1,0.0,0.5,1.0,0.5
IC03153,1,1,1.0,1,0.0,0.5,0.0,0.0
IC02624,1,1,1.0,1,0.0,0.5,0.0,0.0
IC02699,1,1,1.0,1,0.0,0.5,0.0,0.0
IC02645,1,1,1.0,1,0.0,0.5,0.0,0.0
IC02641,1,1,1.0,1,0.0,0.5,0.0,0.0
IC02702,1,1,1.0,1,0.0,0.5,0.0,0.0
IC02639,1,1,1.0,1,0.0,0.5,0.0,0.0
IC02636,1,1,1.0,1,0.0,0.5,0.0,0.0
IC02626,1,1,1.0,1,0.0,0.5,1.0,0.5
IC02621,1,1,1.0,1,0.0,0.5,0.0,0.0
IC02721,1,1,1.0,1,0.0,0.5,1.0,0.5
IC02611,1,1,1.0,1,0.0,0.5,0.0,0.0
IC02605,1,1,1.0,1,0.0,0.5,0.0,0.0
IC02713,1,1,1.0,1,0.0,0.5,0.0,0.0
IC02715,1,1,1.0,1,0.0,0.5,0.0,0.0
IC02585,1,1,1.0,1,0.0,0.5,0.0,0.0
IC02581,1,1,1.0,1,0.0,0.5,0.0,0.0
IC02579,1,1,1.0,1,0.0,0.5,0.0,0.0
IC02698,1,1,1.0,1,0.0,0.5,0.0,0.0
IC02697,1,1,1.0,1,0.0,0.5,1.0,0.5
IC02696,1,1,1.0,1,0.0,0.5,0.0,0.0
IC02695,1,1,1.0,1,0.0,0.5,0.0,0.0
IC02661,1,1,1.0,1,0.0,0.5,0.0,0.0
IC02672,1,1,1.0,1,0.0,0.5,0.0,0.0
IC02674,1,1,1.0,1,0.0,0.5,0.0,0.0
IC02677,1,1,1.0,1,0.0,0.5,0.0,0.0
IC02679,1,1,1.0,1,0.0,0.5,0.0,0.0
IC02656,1,1,1.0,1,0.0,0.5,1.0,0.5
IC02681,1,1,1.0,1,0.0,0.5,0.0,0.0
IC02682,1,1,1.0,1,0.0,0.5,0.0,0.0
IC02683,1,1,1.0,1,0.0,0.5,0.0,0.0
IC02655,1,1,1.0,1,0.0,0.5,0.0,0.0
IC02652,1,1,1.0,1,0.0,0.5,10.0,5.0
IC02688,1,1,1.0,1,0.0,0.5,0.0,0.0
IC02689,1,1,1.0,1,0.0,0.5,2.0,1.0
IC02691,1,1,1.0,1,0.0,0.5,0.0,0.0
IC02692,1,1,1.0,1,0.0,0.5,0.0,0.0
IC02578,1,1,1.0,1,0.0,0.5,0.0,0.0
IC02577,1,1,1.0,1,0.0,0.5,0.0,0.0
IC02524,1,1,1.0,1,0.0,0.5,0.0,0.0
IC02528,1,1,1.0,1,0.0,0.5,0.0,0.0
IC02542,1,1,1.0,1,0.0,0.5,0.0,0.0
IC02540,1,1,1.0,1,0.0,0.5,0.0,0.0
IC02539,1,1,1.0,1,0.0,0.5,0.0,0.0
IC02764,1,1,1.0,1,0.0,0.5,1.0,0.5
IC02538,1,1,1.0,1,0.0,0.5,0.0,0.0
IC02766,1,1,1.0,1,0.0,0.5,0.0,0.0
IC02531,1,1,1.0,1,0.0,0.5,0.0,0.0
IC02772,1,1,1.0,1,0.0,0.5,2.0,1.0
IC02571,1,1,1.0,1,0.0,0.5,0.0,0.0
IC02773,1,1,1.0,1,0.0,0.5,3.0,1.5
IC02774,1,1,1.0,1,0.0,0.5,0.0,0.0
IC02775,1,1,1.0,1,0.0,0.5,0.0,0.0
IC02527,1,1,1.0,1,0.0,0.5,0.0,0.0
IC02526,1,1,1.0,1,0.0,0.5,1.0,0.5
IC02525,1,1,1.0,1,0.0,0.5,1.0,0.5
IC02781,1,1,1.0,1,0.0,0.5,1.0,0.5
IC02544,1,1,1.0,1,0.0,0.5,0.0,0.0
IC02547,1,1,1.0,1,0.0,0.5,0.0,0.0
IC02754,1,1,1.0,1,0.0,0.5,0.0,0.0
IC02749,1,1,1.0,1,0.0,0.5,0.0,0.0
IC02564,1,1,1.0,1,0.0,0.5,0.0,0.0
IC02729,1,1,1.0,1,0.0,0.5,0.0,0.0
IC02563,1,1,1.0,1,0.0,0.5,1.0,0.5
IC02562,1,1,1.0,1,0.0,0.5,0.0,0.0
IC02732,1,1,1.0,1,0.0,0.5,0.0,0.0
IC02560,1,1,1.0,1,0.0,0.5,0.0,0.0
IC02734,1,1,1.0,1,0.0,0.5,0.0,0.0
IC02735,1,1,1.0,1,0.0,0.5,0.0,0.0
IC02558,1,1,1.0,1,0.0,0.5,0.0,0.0
IC02556,1,1,1.0,1,0.0,0.5,0.0,0.0
IC02739,1,1,1.0,1,0.0,0.5,0.0,0.0
IC02743,1,1,1.0,1,0.0,0.5,0.0,0.0
IC02551,1,1,1.0,1,0.0,0.5,1.0,0.5
IC02550,1,1,1.0,1,0.0,0.5,0.0,0.0
IC02748,1,1,1.0,1,0.0,0.5,0.0,0.0
IC02927,1,1,1.0,1,0.0,0.5,2.0,1.0
IC02450,1,1,1.0,1,0.0,0.5,0.0,0.0
IC02933,1,1,1.0,1,0.0,0.5,2.0,1.0
IC03100,1,1,1.0,1,0.0,0.5,0.0,0.0
IC03093,1,1,1.0,1,0.0,0.5,0.0,0.0
IC03094,1,1,1.0,1,0.0,0.5,0.0,0.0
IC03095,1,1,1.0,1,0.0,0.5,0.0,0.0
IC03096,1,1,1.0,1,0.0,0.5,0.0,0.0
IC03097,1,1,1.0,1,0.0,0.5,0.0,0.0
IC03098,1,1,1.0,1,0.0,0.5,0.0,0.0
IC03099,1,1,1.0,1,0.0,0.5,0.0,0.0
IC02323,1,1,1.0,1,0.0,0.5,0.0,0.0
IC02315,1,1,1.0,1,0.0,0.5,0.0,0.0
IC02322,1,1,1.0,1,0.0,0.5,0.0,0.0
IC03103,1,1,1.0,1,0.0,0.5,0.0,0.0
IC03104,1,1,1.0,1,0.0,0.5,0.0,0.0
IC03105,1,1,1.0,1,0.0,0.5,0.0,0.0
IC03106,1,1,1.0,1,0.0,0.5,0.0,0.0
IC02319,1,1,1.0,1,0.0,0.5,0.0,0.0
IC02318,1,1,1.0,1,0.0,0.5,5.0,2.5
IC03092,1,1,1.0,1,0.0,0.5,1.0,0.5
IC03091,1,1,1.0,1,0.0,0.5,1.0,0.5
IC03090,1,1,1.0,1,0.0,0.5,0.0,0.0
IC03089,1,1,1.0,1,0.0,0.5,2.0,1.0
IC03071,1,1,1.0,1,0.0,0.5,0.0,0.0
IC03072,1,1,1.0,1,0.0,0.5,0.0,0.0
IC02329,1,1,1.0,1,0.0,0.5,0.0,0.0
IC03077,1,1,1.0,1,0.0,0.5,0.0,0.0
IC02328,1,1,1.0,1,0.0,0.5,0.0,0.0
IC03079,1,1,1.0,1,0.0,0.5,0.0,0.0
IC02327,1,1,1.0,1,0.0,0.5,0.0,0.0
IC02326,1,1,1.0,1,0.0,0.5,0.0,0.0
IC03082,1,1,1.0,1,0.0,0.5,0.0,0.0
IC03083,1,1,1.0,1,0.0,0.5,0.0,0.0
IC03084,1,1,1.0,1,0.0,0.5,0.0,0.0
IC03085,1,1,1.0,1,0.0,0.5,0.0,0.0
IC03086,1,1,1.0,1,0.0,0.5,0.0,0.0
IC03087,1,1,1.0,1,0.0,0.5,1.0,0.5
IC03088,1,1,1.0,1,0.0,0.5,0.0,0.0
IC02316,1,1,1.0,1,0.0,0.5,0.0,0.0
IC02314,1,1,1.0,1,0.0,0.5,0.0,0.0
IC02938,1,1,1.0,1,0.0,0.5,0.0,0.0
IC03143,1,1,1.0,1,0.0,0.5,3.0,1.5
IC02295,1,1,1.0,1,0.0,0.5,0.0,0.0
IC03137,1,1,1.0,1,0.0,0.5,0.0,0.0
IC02292,1,1,1.0,1,0.0,0.5,0.0,0.0
IC02290,1,1,1.0,1,0.0,0.5,1.0,0.5
IC02288,1,1,1.0,1,0.0,0.5,1.0,0.5
IC03141,1,1,1.0,1,0.0,0.5,0.0,0.0
IC03142,1,1,1.0,1,0.0,0.5,0.0,0.0
IC03145,1,1,1.0,1,0.0,0.5,0.0,0.0
IC02308,1,1,1.0,1,0.0,0.5,0.0,0.0
IC02286,1,1,1.0,1,0.0,0.5,3.0,1.5
IC03147,1,1,1.0,1,0.0,0.5,0.0,0.0
IC03148,1,1,1.0,1,0.0,0.5,0.0,0.0
IC03149,1,1,1.0,1,0.0,0.5,0.0,0.0
IC02284,1,1,1.0,1,0.0,0.5,0.0,0.0
IC03151,1,1,1.0,1,0.0,0.5,0.0,0.0
IC03152,1,1,1.0,1,0.0,0.5,0.0,0.0
IC03134,1,1,1.0,1,0.0,0.5,3.0,1.5
IC03133,1,1,1.0,1,0.0,0.5,0.0,0.0
IC03132,1,1,1.0,1,0.0,0.5,0.0,0.0
IC02298,1,1,1.0,1,0.0,0.5,3.0,1.5
IC03114,1,1,1.0,1,0.0,0.5,0.0,0.0
IC03115,1,1,1.0,1,0.0,0.5,0.0,0.0
IC03116,1,1,1.0,1,0.0,0.5,0.0,0.0
IC03117,1,1,1.0,1,0.0,0.5,0.0,0.0
IC03118,1,1,1.0,1,0.0,0.5,0.0,0.0
IC03119,1,1,1.0,1,0.0,0.5,0.0,0.0
IC03120,1,1,1.0,1,0.0,0.5,0.0,0.0
IC02305,1,1,1.0,1,0.0,0.5,0.0,0.0
IC03122,1,1,1.0,1,0.0,0.5,0.0,0.0
IC02304,1,1,1.0,1,0.0,0.5,0.0,0.0
IC03124,1,1,1.0,1,0.0,0.5,0.0,0.0
IC02300,1,1,1.0,1,0.0,0.5,0.0,0.0
IC03128,1,1,1.0,1,0.0,0.5,0.0,0.0
IC03129,1,1,1.0,1,0.0,0.5,0.0,0.0
IC03130,1,1,1.0,1,0.0,0.5,0.0,0.0
IC02330,1,1,1.0,1,0.0,0.5,0.0,0.0
IC02331,1,1,1.0,1,0.0,0.5,0.0,0.0
IC02332,1,1,1.0,1,0.0,0.5,0.0,0.0
IC02421,1,1,1.0,1,0.0,0.5,1.0,0.5
IC02428,1,1,1.0,1,0.0,0.5,0.0,0.0
IC02977,1,1,1.0,1,0.0,0.5,0.0,0.0
IC02426,1,1,1.0,1,0.0,0.5,0.0,0.0
IC02980,1,1,1.0,1,0.0,0.5,0.0,0.0
IC02424,1,1,1.0,1,0.0,0.5,0.0,0.0
IC02422,1,1,1.0,1,0.0,0.5,0.0,0.0
IC02983,1,1,1.0,1,0.0,0.5,0.0,0.0
IC02417,1,1,1.0,1,0.0,0.5,0.0,0.0
IC03065,1,1,1.0,1,0.0,0.5,1.0,0.5
IC02414,1,1,1.0,1,0.0,0.5,0.0,0.0
IC02413,1,1,1.0,1,0.0,0.5,0.0,0.0
IC02410,1,1,1.0,1,0.0,0.5,0.0,0.0
IC02409,1,1,1.0,1,0.0,0.5,0.0,0.0
IC02993,1,1,1.0,1,0.0,0.5,0.0,0.0
IC02405,1,1,1.0,1,0.0,0.5,0.0,0.0
IC02403,1,1,1.0,1,0.0,0.5,0.0,0.0
IC02973,1,1,1.0,1,0.0,0.5,0.0,0.0
IC02430,1,1,1.0,1,0.0,0.5,0.0,0.0
IC02971,1,1,1.0,1,0.0,0.5,0.0,0.0
IC02436,1,1,1.0,1,0.0,0.5,0.0,0.0
IC02939,1,1,1.0,1,0.0,0.5,0.0,0.0
IC02941,1,1,1.0,1,0.0,0.5,0.0,0.0
IC02942,1,1,1.0,1,0.0,0.5,0.0,0.0
IC02943,1,1,1.0,1,0.0,0.5,0.0,0.0
IC02945,1,1,1.0,1,0.0,0.5,0.0,0.0
IC02445,1,1,1.0,1,0.0,0.5,0.0,0.0
IC02949,1,1,1.0,1,0.0,0.5,0.0,0.0
IC02444,1,1,1.0,1,0.0,0.5,0.0,0.0
IC02951,1,1,1.0,1,0.0,0.5,0.0,0.0
IC02953,1,1,1.0,1,0.0,0.5,4.0,2.0
IC02443,1,1,1.0,1,0.0,0.5,0.0,0.0
IC02960,1,1,1.0,1,0.0,0.5,1.0,0.5
IC02961,1,1,1.0,1,0.0,0.5,0.0,0.0
IC02962,1,1,1.0,1,0.0,0.5,0.0,0.0
IC02963,1,1,1.0,1,0.0,0.5,1.0,0.5
IC02402,1,1,1.0,1,0.0,0.5,0.0,0.0
IC03000,1,1,1.0,1,0.0,0.5,0.0,0.0
IC03001,1,1,1.0,1,0.0,0.5,0.0,0.0
IC02375,1,1,1.0,1,0.0,0.5,0.0,0.0
IC02373,1,1,1.0,1,0.0,0.5,0.0,0.0
IC03046,1,1,1.0,1,0.0,0.5,1.0,0.5
IC02372,1,1,1.0,1,0.0,0.5,1.0,0.5
IC03048,1,1,1.0,1,0.0,0.5,0.0,0.0
IC03051,1,1,1.0,1,0.0,0.5,0.0,0.0
IC03052,1,1,1.0,1,0.0,0.5,1.0,0.5
IC02371,1,1,1.0,1,0.0,0.5,2.0,1.0
IC03054,1,1,1.0,1,0.0,0.5,1.0,0.5
IC02354,1,1,1.0,1,0.0,0.5,0.0,0.0
IC02353,1,1,1.0,1,0.0,0.5,0.0,0.0
IC02350,1,1,1.0,1,0.0,0.5,0.0,0.0
IC02347,1,1,1.0,1,0.0,0.5,0.0,0.0
IC02337,1,1,1.0,1,0.0,0.5,2.0,1.0
IC02334,1,1,1.0,1,0.0,0.5,0.0,0.0
IC03063,1,1,1.0,1,0.0,0.5,0.0,0.0
IC03041,1,1,1.0,1,0.0,0.5,5.0,2.5
IC02377,1,1,1.0,1,0.0,0.5,3.0,1.5
IC02401,1,1,1.0,1,0.0,0.5,0.0,0.0
IC02379,1,1,1.0,1,0.0,0.5,0.0,0.0
IC03003,1,1,1.0,1,0.0,0.5,0.0,0.0
IC03004,1,1,1.0,1,0.0,0.5,1.0,0.5
IC02400,1,1,1.0,1,0.0,0.5,0.0,0.0
IC02399,1,1,1.0,1,0.0,0.5,0.0,0.0
IC03008,1,1,1.0,1,0.0,0.5,0.0,0.0
IC03011,1,1,1.0,1,0.0,0.5,0.0,0.0
IC02397,1,1,1.0,1,0.0,0.5,0.0,0.0
IC03013,1,1,1.0,1,0.0,0.5,0.0,0.0
IC02396,1,1,1.0,1,0.0,0.5,0.0,0.0
IC02395,1,1,1.0,1,0.0,0.5,0.0,0.0
IC03019,1,1,1.0,1,0.0,0.5,0.0,0.0
IC03022,1,1,1.0,1,0.0,0.5,0.0,0.0
IC02388,1,1,1.0,1,0.0,0.5,1.0,0.5
IC02386,1,1,1.0,1,0.0,0.5,0.0,0.0
IC02385,1,1,1.0,1,0.0,0.5,0.0,0.0
IC03510,1,1,1.0,1,0.0,0.5,0.0,0.0
IC03511,1,1,1.0,1,0.0,0.5,0.0,0.0
IC03512,1,1,1.0,1,0.0,0.5,0.0,0.0
IC04252,1,1,1.0,1,0.0,0.5,0.0,0.0
IC04243,1,1,1.0,1,0.0,0.5,0.0,0.0
IC04244,1,1,1.0,1,0.0,0.5,0.0,0.0
IC01529,1,1,1.0,1,0.0,0.5,0.0,0.0
IC04246,1,1,1.0,1,0.0,0.5,0.0,0.0
IC04247,1,1,1.0,1,0.0,0.5,0.0,0.0
IC01528,1,1,1.0,1,0.0,0.5,0.0,0.0
IC04249,1,1,1.0,1,0.0,0.5,0.0,0.0
IC04253,1,1,1.0,1,0.0,0.5,0.0,0.0
IC01503,1,1,1.0,1,0.0,0.5,0.0,0.0
IC04276,1,1,1.0,1,0.0,0.5,0.0,0.0
IC04289,1,1,1.0,1,0.0,0.5,0.0,0.0
IC01519,1,1,1.0,1,0.0,0.5,0.0,0.0
IC04408,1,1,1.0,1,0.0,0.5,0.0,0.0
IC01511,1,1,1.0,1,0.0,0.5,0.0,0.0
IC04431,1,1,1.0,1,0.0,0.5,0.0,0.0
IC01510,1,1,1.0,1,0.0,0.5,0.0,0.0
IC04242,1,1,1.0,1,0.0,0.5,0.0,0.0
IC01533,1,1,1.0,1,0.0,0.5,0.0,0.0
IC01534,1,1,1.0,1,0.0,0.5,0.0,0.0
IC01535,1,1,1.0,1,0.0,0.5,0.0,0.0
IC04200,1,1,1.0,1,0.0,0.5,0.0,0.0
IC04201,1,1,1.0,1,0.0,0.5,0.0,0.0
IC01549,1,1,1.0,1,0.0,0.5,0.0,0.0
IC01547,1,1,1.0,1,0.0,0.5,0.0,0.0
IC01545,1,1,1.0,1,0.0,0.5,0.0,0.0
IC01544,1,1,1.0,1,0.0,0.5,0.0,0.0
IC01543,1,1,1.0,1,0.0,0.5,0.0,0.0
IC04215,1,1,1.0,1,0.0,0.5,0.0,0.0
IC04217,1,1,1.0,1,0.0,0.5,0.0,0.0
IC04224,1,1,1.0,1,0.0,0.5,0.0,0.0
IC04227,1,1,1.0,1,0.0,0.5,0.0,0.0
IC01540,1,1,1.0,1,0.0,0.5,0.0,0.0
IC04235,1,1,1.0,1,0.0,0.5,0.0,0.0
IC01537,1,1,1.0,1,0.0,0.5,0.0,0.0
IC01536,1,1,1.0,1,0.0,0.5,8.0,4.0
IC01505,1,1,1.0,1,0.0,0.5,5.0,2.5
IC04477,1,1,1.0,1,0.0,0.5,0.0,0.0
IC04197,1,1,1.0,1,0.0,0.5,0.0,0.0
IC04526,1,1,1.0,1,0.0,0.5,0.0,0.0
IC04519,1,1,1.0,1,0.0,0.5,0.0,0.0
IC04520,1,1,1.0,1,0.0,0.5,0.0,0.0
IC04521,1,1,1.0,1,0.0,0.5,0.0,0.0
IC04522,1,1,1.0,1,0.0,0.5,0.0,0.0
IC04523,1,1,1.0,1,0.0,0.5,0.0,0.0
IC04524,1,1,1.0,1,0.0,0.5,0.0,0.0
IC04525,1,1,1.0,1,0.0,0.5,0.0,0.0
IC04527,1,1,1.0,1,0.0,0.5,0.0,0.0
IC01500,1,1,1.0,1,0.0,0.5,3.0,1.5
IC04528,1,1,1.0,1,0.0,0.5,0.0,0.0
IC04529,1,1,1.0,1,0.0,0.5,0.0,0.0
IC04530,1,1,1.0,1,0.0,0.5,0.0,0.0
IC04531,1,1,1.0,1,0.0,0.5,0.0,0.0
IC04532,1,1,1.0,1,0.0,0.5,0.0,0.0
IC04533,1,1,1.0,1,0.0,0.5,0.0,0.0
IC04534,1,1,1.0,1,0.0,0.5,0.0,0.0
IC04518,1,1,1.0,1,0.0,0.5,0.0,0.0
IC04517,1,1,1.0,1,0.0,0.5,0.0,0.0
IC04516,1,1,1.0,1,0.0,0.5,0.0,0.0
IC04515,1,1,1.0,1,0.0,0.5,0.0,0.0
IC04483,1,1,1.0,1,0.0,0.5,0.0,0.0
IC04486,1,1,1.0,1,0.0,0.5,1.0,0.5
IC01497,1,1,1.0,1,0.0,0.5,0.0,0.0
IC01489,1,1,1.0,1,0.0,0.5,0.0,0.0
IC04495,1,1,1.0,1,0.0,0.5,1.0,0.5
IC04496,1,1,1.0,1,0.0,0.5,0.0,0.0
IC04497,1,1,1.0,1,0.0,0.5,0.0,0.0
IC04498,1,1,1.0,1,0.0,0.5,0.0,0.0
IC04499,1,1,1.0,1,0.0,0.5,0.0,0.0
IC04505,1,1,1.0,1,0.0,0.5,0.0,0.0
IC01486,1,1,1.0,1,0.0,0.5,0.0,0.0
IC01485,1,1,1.0,1,0.0,0.5,6.0,3.0
IC04509,1,1,1.0,1,0.0,0.5,0.0,0.0
IC04510,1,1,1.0,1,0.0,0.5,0.0,0.0
IC01483,1,1,1.0,1,0.0,0.5,0.0,0.0
IC04199,1,1,1.0,1,0.0,0.5,0.0,0.0
IC04196,1,1,1.0,1,0.0,0.5,0.0,0.0
IC04038,1,1,1.0,1,0.0,0.5,0.0,0.0
IC04094,1,1,1.0,1,0.0,0.5,0.0,0.0
IC04079,1,1,1.0,1,0.0,0.5,0.0,0.0
IC01632,1,1,1.0,1,0.0,0.5,0.0,0.0
IC01629,1,1,1.0,1,0.0,0.5,0.0,0.0
IC01623,1,1,1.0,1,0.0,0.5,0.0,0.0
IC04089,1,1,1.0,1,0.0,0.5,0.0,0.0
IC04090,1,1,1.0,1,0.0,0.5,0.0,0.0
IC01618,1,1,1.0,1,0.0,0.5,4.0,2.0
IC04095,1,1,1.0,1,0.0,0.5,0.0,0.0
IC04112,1,1,1.0,1,0.0,0.5,0.0,0.0
IC04097,1,1,1.0,1,0.0,0.5,0.0,0.0
IC01610,1,1,1.0,1,0.0,0.5,0.0,0.0
IC04099,1,1,1.0,1,0.0,0.5,0.0,0.0
IC04102,1,1,1.0,1,0.0,0.5,0.0,0.0
IC04103,1,1,1.0,1,0.0,0.5,0.0,0.0
IC01607,1,1,1.0,1,0.0,0.5,0.0,0.0
IC04108,1,1,1.0,1,0.0,0.5,0.0,0.0
IC04078,1,1,1.0,1,0.0,0.5,0.0,0.0
IC04077,1,1,1.0,1,0.0,0.5,0.0,0.0
IC04063,1,1,1.0,1,0.0,0.5,0.0,0.0
IC01637,1,1,1.0,1,0.0,0.5,0.0,0.0
IC04041,1,1,1.0,1,0.0,0.5,0.0,0.0
IC04042,1,1,1.0,1,0.0,0.5,0.0,0.0
IC04043,1,1,1.0,1,0.0,0.5,0.0,0.0
IC01647,1,1,1.0,1,0.0,0.5,0.0,0.0
IC01646,1,1,1.0,1,0.0,0.5,0.0,0.0
IC04047,1,1,1.0,1,0.0,0.5,0.0,0.0
IC01645,1,1,1.0,1,0.0,0.5,0.0,0.0
IC04051,1,1,1.0,1,0.0,0.5,0.0,0.0
IC01644,1,1,1.0,1,0.0,0.5,0.0,0.0
IC04054,1,1,1.0,1,0.0,0.5,1.0,0.5
IC01643,1,1,1.0,1,0.0,0.5,0.0,0.0
IC04057,1,1,1.0,1,0.0,0.5,0.0,0.0
IC01641,1,1,1.0,1,0.0,0.5,0.0,0.0
IC04059,1,1,1.0,1,0.0,0.5,0.0,0.0
IC01638,1,1,1.0,1,0.0,0.5,0.0,0.0
IC01606,1,1,1.0,1,0.0,0.5,0.0,0.0
IC01590,1,1,1.0,1,0.0,0.5,0.0,0.0
IC04195,1,1,1.0,1,0.0,0.5,0.0,0.0
IC04185,1,1,1.0,1,0.0,0.5,0.0,0.0
IC01568,1,1,1.0,1,0.0,0.5,0.0,0.0
IC04170,1,1,1.0,1,0.0,0.5,0.0,0.0
IC01567,1,1,1.0,1,0.0,0.5,0.0,0.0
IC04178,1,1,1.0,1,0.0,0.5,0.0,0.0
IC04180,1,1,1.0,1,0.0,0.5,0.0,0.0
IC01565,1,1,1.0,1,0.0,0.5,3.0,1.5
IC04184,1,1,1.0,1,0.0,0.5,0.0,0.0
IC04186,1,1,1.0,1,0.0,0.5,0.0,0.0
IC04116,1,1,1.0,1,0.0,0.5,0.0,0.0
IC01564,1,1,1.0,1,0.0,0.5,0.0,0.0
IC01553,1,1,1.0,1,0.0,0.5,5.0,2.5
IC01551,1,1,1.0,1,0.0,0.5,0.0,0.0
IC04191,1,1,1.0,1,0.0,0.5,0.0,0.0
IC04192,1,1,1.0,1,0.0,0.5,0.0,0.0
IC04193,1,1,1.0,1,0.0,0.5,0.0,0.0
IC04194,1,1,1.0,1,0.0,0.5,0.0,0.0
IC04165,1,1,1.0,1,0.0,0.5,0.0,0.0
IC04164,1,1,1.0,1,0.0,0.5,0.0,0.0
IC01569,1,1,1.0,1,0.0,0.5,0.0,0.0
IC04152,1,1,1.0,1,0.0,0.5,0.0,0.0
IC01586,1,1,1.0,1,0.0,0.5,0.0,0.0
IC01585,1,1,1.0,1,0.0,0.5,3.0,1.5
IC01581,1,1,1.0,1,0.0,0.5,0.0,0.0
IC04124,1,1,1.0,1,0.0,0.5,0.0,0.0
IC04125,1,1,1.0,1,0.0,0.5,0.0,0.0
IC04126,1,1,1.0,1,0.0,0.5,2.0,1.0
IC04132,1,1,1.0,1,0.0,0.5,1.0,0.5
IC04133,1,1,1.0,1,0.0,0.5,0.0,0.0
IC01577,1,1,1.0,1,0.0,0.5,0.0,0.0
IC04135,1,1,1.0,1,0.0,0.5,0.0,0.0
IC04136,1,1,1.0,1,0.0,0.5,0.0,0.0
IC04140,1,1,1.0,1,0.0,0.5,0.0,0.0
IC04143,1,1,1.0,1,0.0,0.5,0.0,0.0
IC04149,1,1,1.0,1,0.0,0.5,1.0,0.5
IC04151,1,1,1.0,1,0.0,0.5,0.0,0.0
IC04535,1,1,1.0,1,0.0,0.5,0.0,0.0
IC04536,1,1,1.0,1,0.0,0.5,0.0,0.0
IC04537,1,1,1.0,1,0.0,0.5,0.0,0.0
IC01227,1,1,1.0,1,0.0,0.5,0.0,0.0
IC01233,1,1,1.0,1,0.0,0.5,0.0,0.0
IC04734,1,1,1.0,1,0.0,0.5,0.0,0.0
IC04735,1,1,1.0,1,0.0,0.5,0.0,0.0
IC01232,1,1,1.0,1,0.0,0.5,0.0,0.0
IC04737,1,1,1.0,1,0.0,0.5,0.0,0.0
IC01231,1,1,1.0,1,0.0,0.5,0.0,0.0
IC04739,1,1,1.0,1,0.0,0.5,0.0,0.0
IC01226,1,1,1.0,1,0.0,0.5,1.0,0.5
IC01200,1,1,1.0,1,0.0,0.5,0.0,0.0
IC01224,1,1,1.0,1,0.0,0.5,0.0,0.0
IC04745,1,1,1.0,1,0.0,0.5,0.0,0.0
IC01213,1,1,1.0,1,0.0,0.5,0.0,0.0
IC01211,1,1,1.0,1,0.0,0.5,2.0,1.0
IC04755,1,1,1.0,1,0.0,0.5,0.0,0.0
IC04756,1,1,1.0,1,0.0,0.5,0.0,0.0
IC04757,1,1,1.0,1,0.0,0.5,0.0,0.0
IC01235,1,1,1.0,1,0.0,0.5,0.0,0.0
IC01236,1,1,1.0,1,0.0,0.5,4.0,2.0
IC04730,1,1,1.0,1,0.0,0.5,0.0,0.0
IC04729,1,1,1.0,1,0.0,0.5,0.0,0.0
IC01305,1,1,1.0,1,0.0,0.5,0.0,0.0
IC04708,1,1,1.0,1,0.0,0.5,0.0,0.0
IC04709,1,1,1.0,1,0.0,0.5,0.0,0.0
IC04710,1,1,1.0,1,0.0,0.5,0.0,0.0
IC01304,1,1,1.0,1,0.0,0.5,0.0,0.0
IC01303,1,1,1.0,1,0.0,0.5,1.0,0.5
IC04719,1,1,1.0,1,0.0,0.5,0.0,0.0
IC01273,1,1,1.0,1,0.0,0.5,0.0,0.0
IC01261,1,1,1.0,1,0.0,0.5,2.0,1.0
IC04723,1,1,1.0,1,0.0,0.5,1.0,0.5
IC01252,1,1,1.0,1,0.0,0.5,0.0,0.0
IC01249,1,1,1.0,1,0.0,0.5,2.0,1.0
IC01237,1,1,1.0,1,0.0,0.5,0.0,0.0
IC04727,1,1,1.0,1,0.0,0.5,0.0,0.0
IC04728,1,1,1.0,1,0.0,0.5,0.0,0.0
IC01203,1,1,1.0,1,0.0,0.5,0.0,0.0
IC04760,1,1,1.0,1,0.0,0.5,0.0,0.0
IC04539,1,1,1.0,1,0.0,0.5,0.0,0.0
IC04795,1,1,1.0,1,0.0,0.5,0.0,0.0
IC04788,1,1,1.0,1,0.0,0.5,0.0,0.0
IC04789,1,1,1.0,1,0.0,0.5,0.0,0.0
IC04790,1,1,1.0,1,0.0,0.5,0.0,0.0
IC04791,1,1,1.0,1,0.0,0.5,1.0,0.5
IC04792,1,1,1.0,1,0.0,0.5,0.0,0.0
IC04793,1,1,1.0,1,0.0,0.5,0.0,0.0
IC04794,1,1,1.0,1,0.0,0.5,0.0,0.0
IC04796,1,1,1.0,1,0.0,0.5,0.0,0.0
IC04765,1,1,1.0,1,0.0,0.5,0.0,0.0
IC04797,1,1,1.0,1,0.0,0.5,0.0,0.0
IC04798,1,1,1.0,1,0.0,0.5,0.0,0.0
IC01186,1,1,1.0,1,0.0,0.5,4.0,2.0
IC04800,1,1,1.0,1,0.0,0.5,0.0,0.0
IC04801,1,1,1.0,1,0.0,0.5,4.0,2.0
IC04802,1,1,1.0,1,0.0,0.5,0.0,0.0
IC04803,1,1,1.0,1,0.0,0.5,0.0,0.0
IC04787,1,1,1.0,1,0.0,0.5,0.0,0.0
IC04786,1,1,1.0,1,0.0,0.5,0.0,0.0
IC04785,1,1,1.0,1,0.0,0.5,0.0,0.0
IC04784,1,1,1.0,1,0.0,0.5,0.0,0.0
IC04768,1,1,1.0,1,0.0,0.5,0.0,0.0
IC04769,1,1,1.0,1,0.0,0.5,0.0,0.0
IC01197,1,1,1.0,1,0.0,0.5,0.0,0.0
IC04771,1,1,1.0,1,0.0,0.5,0.0,0.0
IC01193,1,1,1.0,1,0.0,0.5,0.0,0.0
IC04773,1,1,1.0,1,0.0,0.5,0.0,0.0
IC04774,1,1,1.0,1,0.0,0.5,0.0,0.0
IC04775,1,1,1.0,1,0.0,0.5,0.0,0.0
IC04777,1,1,1.0,1,0.0,0.5,0.0,0.0
IC04778,1,1,1.0,1,0.0,0.5,0.0,0.0
IC04779,1,1,1.0,1,0.0,0.5,0.0,0.0
IC04780,1,1,1.0,1,0.0,0.5,0.0,0.0
IC04781,1,1,1.0,1,0.0,0.5,0.0,0.0
IC04782,1,1,1.0,1,0.0,0.5,0.0,0.0
IC04783,1,1,1.0,1,0.0,0.5,0.0,0.0
IC04705,1,1,1.0,1,0.0,0.5,0.0,0.0
IC04704,1,1,1.0,1,0.0,0.5,0.0,0.0
IC01309,1,1,1.0,1,0.0,0.5,0.0,0.0
IC01432,1,1,1.0,1,0.0,0.5,0.0,0.0
IC04601,1,1,1.0,1,0.0,0.5,0.0,0.0
IC01453,1,1,1.0,1,0.0,0.5,0.0,0.0
IC04605,1,1,1.0,1,0.0,0.5,0.0,0.0
IC04607,1,1,1.0,1,0.0,0.5,0.0,0.0
IC04613,1,1,1.0,1,0.0,0.5,0.0,0.0
IC01449,1,1,1.0,1,0.0,0.5,0.0,0.0
IC01433,1,1,1.0,1,0.0,0.5,0.0,0.0
IC01421,1,1,1.0,1,0.0,0.5,1.0,0.5
IC04702,1,1,1.0,1,0.0,0.5,0.0,0.0
IC01420,1,1,1.0,1,0.0,0.5,0.0,0.0
IC01414,1,1,1.0,1,0.0,0.5,0.0,0.0
IC01407,1,1,1.0,1,0.0,0.5,0.0,0.0
IC04636,1,1,1.0,1,0.0,0.5,0.0,0.0
IC01395,1,1,1.0,1,0.0,0.5,0.0,0.0
IC04639,1,1,1.0,1,0.0,0.5,0.0,0.0
IC04641,1,1,1.0,1,0.0,0.5,1.0,0.5
IC04600,1,1,1.0,1,0.0,0.5,0.0,0.0
IC04594,1,1,1.0,1,0.0,0.5,0.0,0.0
IC04593,1,1,1.0,1,0.0,0.5,0.0,0.0
IC04591,1,1,1.0,1,0.0,0.5,0.0,0.0
IC04540,1,1,1.0,1,0.0,0.5,0.0,0.0
IC04541,1,1,1.0,1,0.0,0.5,0.0,0.0
IC01479,1,1,1.0,1,0.0,0.5,0.0,0.0
IC01478,1,1,1.0,1,0.0,0.5,0.0,0.0
IC01477,1,1,1.0,1,0.0,0.5,0.0,0.0
IC04548,1,1,1.0,1,0.0,0.5,2.0,1.0
IC04554,1,1,1.0,1,0.0,0.5,0.0,0.0
IC04556,1,1,1.0,1,0.0,0.5,1.0,0.5
IC04562,1,1,1.0,1,0.0,0.5,1.0,0.5
IC01465,1,1,1.0,1,0.0,0.5,0.0,0.0
IC04566,1,1,1.0,1,0.0,0.5,3.0,1.5
IC04574,1,1,1.0,1,0.0,0.5,1.0,0.5
IC04578,1,1,1.0,1,0.0,0.5,0.0,0.0
IC04580,1,1,1.0,1,0.0,0.5,0.0,0.0
IC04586,1,1,1.0,1,0.0,0.5,0.0,0.0
IC01391,1,1,1.0,1,0.0,0.5,0.0,0.0
IC01388,1,1,1.0,1,0.0,0.5,0.0,0.0
IC04649,1,1,1.0,1,0.0,0.5,0.0,0.0
IC04679,1,1,1.0,1,0.0,0.5,0.0,0.0
IC04682,1,1,1.0,1,0.0,0.5,0.0,0.0
IC04683,1,1,1.0,1,0.0,0.5,0.0,0.0
IC01340,1,1,1.0,1,0.0,0.5,0.0,0.0
IC04685,1,1,1.0,1,0.0,0.5,0.0,0.0
IC04686,1,1,1.0,1,0.0,0.5,0.0,0.0
IC01337,1,1,1.0,1,0.0,0.5,0.0,0.0
IC01326,1,1,1.0,1,0.0,0.5,0.0,0.0
IC04691,1,1,1.0,1,0.0,0.5,0.0,0.0
IC01319,1,1,1.0,1,0.0,0.5,0.0,0.0
IC01318,1,1,1.0,1,0.0,0.5,0.0,0.0
IC01311,1,1,1.0,1,0.0,0.5,0.0,0.0
IC01310,1,1,1.0,1,0.0,0.5,0.0,0.0
IC04699,1,1,1.0,1,0.0,0.5,0.0,0.0
IC04700,1,1,1.0,1,0.0,0.5,0.0,0.0
IC04701,1,1,1.0,1,0.0,0.5,0.0,0.0
IC04681,1,1,1.0,1,0.0,0.5,0.0,0.0
IC04678,1,1,1.0,1,0.0,0.5,0.0,0.0
IC04650,1,1,1.0,1,0.0,0.5,0.0,0.0
IC04677,1,1,1.0,1,0.0,0.5,0.0,0.0
IC01386,1,1,1.0,1,0.0,0.5,0.0,0.0
IC01382,1,1,1.0,1,0.0,0.5,0.0,0.0
IC01380,1,1,1.0,1,0.0,0.5,0.0,0.0
IC01378,1,1,1.0,1,0.0,0.5,0.0,0.0
IC04655,1,1,1.0,1,0.0,0.5,0.0,0.0
IC04658,1,1,1.0,1,0.0,0.5,0.0,0.0
IC04659,1,1,1.0,1,0.0,0.5,0.0,0.0
IC04660,1,1,1.0,1,0.0,0.5,0.0,0.0
IC01376,1,1,1.0,1,0.0,0.5,0.0,0.0
IC04666,1,1,1.0,1,0.0,0.5,0.0,0.0
IC04670,1,1,1.0,1,0.0,0.5,0.0,0.0
IC01371,1,1,1.0,1,0.0,0.5,0.0,0.0
IC01369,1,1,1.0,1,0.0,0.5,0.0,0.0
IC01346,1,1,1.0,1,0.0,0.5,0.0,0.0
IC04676,1,1,1.0,1,0.0,0.5,0.0,0.0
IC04039,1,1,1.0,1,0.0,0.5,0.0,0.0
IC01648,1,1,1.0,1,0.0,0.5,0.0,0.0
IC02000,1,1,1.0,1,0.0,0.5,0.0,0.0
IC01844,1,1,1.0,1,0.0,0.5,0.0,0.0
IC03681,1,1,1.0,1,0.0,0.5,0.0,0.0
IC03682,1,1,1.0,1,0.0,0.5,0.0,0.0
IC03685,1,1,1.0,1,0.0,0.5,0.0,0.0
IC03686,1,1,1.0,1,0.0,0.5,0.0,0.0
IC03690,1,1,1.0,1,0.0,0.5,0.0,0.0
IC03691,1,1,1.0,1,0.0,0.5,0.0,0.0
IC03692,1,1,1.0,1,0.0,0.5,0.0,0.0
IC03700,1,1,1.0,1,0.0,0.5,0.0,0.0
IC03717,1,1,1.0,1,0.0,0.5,0.0,0.0
IC01839,1,1,1.0,1,0.0,0.5,1.0,0.5
IC03703,1,1,1.0,1,0.0,0.5,0.0,0.0
IC03704,1,1,1.0,1,0.0,0.5,0.0,0.0
IC01838,1,1,1.0,1,0.0,0.5,2.0,1.0
IC03706,1,1,1.0,1,0.0,0.5,0.0,0.0
IC03707,1,1,1.0,1,0.0,0.5,0.0,0.0
IC01835,1,1,1.0,1,0.0,0.5,0.0,0.0
IC01845,1,1,1.0,1,0.0,0.5,0.0,0.0
IC01849,1,1,1.0,1,0.0,0.5,0.0,0.0
IC03675,1,1,1.0,1,0.0,0.5,2.0,1.0
IC01868,1,1,1.0,1,0.0,0.5,0.0,0.0
IC01888,1,1,1.0,1,0.0,0.5,0.0,0.0
IC01879,1,1,1.0,1,0.0,0.5,0.0,0.0
IC01874,1,1,1.0,1,0.0,0.5,1.0,0.5
IC03651,1,1,1.0,1,0.0,0.5,0.0,0.0
IC01870,1,1,1.0,1,0.0,0.5,0.0,0.0
IC01869,1,1,1.0,1,0.0,0.5,0.0,0.0
IC03656,1,1,1.0,1,0.0,0.5,0.0,0.0
IC03657,1,1,1.0,1,0.0,0.5,0.0,0.0
IC03658,1,1,1.0,1,0.0,0.5,0.0,0.0
IC03660,1,1,1.0,1,0.0,0.5,0.0,0.0
IC03661,1,1,1.0,1,0.0,0.5,0.0,0.0
IC03662,1,1,1.0,1,0.0,0.5,0.0,0.0
IC03665,1,1,1.0,1,0.0,0.5,0.0,0.0
IC03667,1,1,1.0,1,0.0,0.5,0.0,0.0
IC03668,1,1,1.0,1,0.0,0.5,0.0,0.0
IC03716,1,1,1.0,1,0.0,0.5,1.0,0.5
IC03721,1,1,1.0,1,0.0,0.5,0.0,0.0
IC03642,1,1,1.0,1,0.0,0.5,0.0,0.0
IC01802,1,1,1.0,1,0.0,0.5,0.0,0.0
IC03777,1,1,1.0,1,0.0,0.5,0.0,0.0
IC03778,1,1,1.0,1,0.0,0.5,0.0,0.0
IC03779,1,1,1.0,1,0.0,0.5,0.0,0.0
IC01803,1,1,1.0,1,0.0,0.5,0.0,0.0
IC03781,1,1,1.0,1,0.0,0.5,0.0,0.0
IC03782,1,1,1.0,1,0.0,0.5,0.0,0.0
IC03783,1,1,1.0,1,0.0,0.5,0.0,0.0
IC01801,1,1,1.0,1,0.0,0.5,0.0,0.0
IC01825,1,1,1.0,1,0.0,0.5,0.0,0.0
IC03789,1,1,1.0,1,0.0,0.5,0.0,0.0
IC01800,1,1,1.0,1,0.0,0.5,0.0,0.0
IC01799,1,1,1.0,1,0.0,0.5,0.0,0.0
IC01798,1,1,1.0,1,0.0,0.5,0.0,0.0
IC03794,1,1,1.0,1,0.0,0.5,0.0,0.0
IC03796,1,1,1.0,1,0.0,0.5,0.0,0.0
IC03798,1,1,1.0,1,0.0,0.5,0.0,0.0
IC03776,1,1,1.0,1,0.0,0.5,5.0,2.5
IC03775,1,1,1.0,1,0.0,0.5,1.0,0.5
IC03774,1,1,1.0,1,0.0,0.5,0.0,0.0
IC01805,1,1,1.0,1,0.0,0.5,0.0,0.0
IC03726,1,1,1.0,1,0.0,0.5,7.0,3.5
IC03728,1,1,1.0,1,0.0,0.5,0.0,0.0
IC03729,1,1,1.0,1,0.0,0.5,1.0,0.5
IC01823,1,1,1.0,1,0.0,0.5,0.0,0.0
IC01822,1,1,1.0,1,0.0,0.5,0.0,0.0
IC01811,1,1,1.0,1,0.0,0.5,0.0,0.0
IC03744,1,1,1.0,1,0.0,0.5,0.0,0.0
IC03745,1,1,1.0,1,0.0,0.5,1.0,0.5
IC03746,1,1,1.0,1,0.0,0.5,0.0,0.0
IC03761,1,1,1.0,1,0.0,0.5,0.0,0.0
IC01810,1,1,1.0,1,0.0,0.5,0.0,0.0
IC01808,1,1,1.0,1,0.0,0.5,0.0,0.0
IC03765,1,1,1.0,1,0.0,0.5,0.0,0.0
IC03766,1,1,1.0,1,0.0,0.5,0.0,0.0
IC03768,1,1,1.0,1,0.0,0.5,0.0,0.0
IC03643,1,1,1.0,1,0.0,0.5,0.0,0.0
IC03640,1,1,1.0,1,0.0,0.5,1.0,0.5
IC01649,1,1,1.0,1,0.0,0.5,0.0,0.0
IC01979,1,1,1.0,1,0.0,0.5,0.0,0.0
IC01983,1,1,1.0,1,0.0,0.5,0.0,0.0
IC03541,1,1,1.0,1,0.0,0.5,0.0,0.0
IC01982,1,1,1.0,1,0.0,0.5,0.0,0.0
IC01981,1,1,1.0,1,0.0,0.5,0.0,0.0
IC03547,1,1,1.0,1,0.0,0.5,0.0,0.0
IC03548,1,1,1.0,1,0.0,0.5,0.0,0.0
IC03549,1,1,1.0,1,0.0,0.5,0.0,0.0
IC03552,1,1,1.0,1,0.0,0.5,5.0,2.5
IC01970,1,1,1.0,1,0.0,0.5,2.0,1.0
IC01978,1,1,1.0,1,0.0,0.5,0.0,0.0
IC03557,1,1,1.0,1,0.0,0.5,0.0,0.0
IC03558,1,1,1.0,1,0.0,0.5,0.0,0.0
IC01974,1,1,1.0,1,0.0,0.5,0.0,0.0
IC01973,1,1,1.0,1,0.0,0.5,0.0,0.0
IC01972,1,1,1.0,1,0.0,0.5,0.0,0.0
IC03563,1,1,1.0,1,0.0,0.5,0.0,0.0
IC03539,1,1,1.0,1,0.0,0.5,0.0,0.0
IC03538,1,1,1.0,1,0.0,0.5,0.0,0.0
IC03537,1,1,1.0,1,0.0,0.5,1.0,0.5
IC01986,1,1,1.0,1,0.0,0.5,2.0,1.0
IC03514,1,1,1.0,1,0.0,0.5,0.0,0.0
IC03516,1,1,1.0,1,0.0,0.5,1.0,0.5
IC03517,1,1,1.0,1,0.0,0.5,0.0,0.0
IC03518,1,1,1.0,1,0.0,0.5,0.0,0.0
IC03519,1,1,1.0,1,0.0,0.5,0.0,0.0
IC03520,1,1,1.0,1,0.0,0.5,0.0,0.0
IC03521,1,1,1.0,1,0.0,0.5,0.0,0.0
IC01997,1,1,1.0,1,0.0,0.5,0.0,0.0
IC01994,1,1,1.0,1,0.0,0.5,0.0,0.0
IC03527,1,1,1.0,1,0.0,0.5,0.0,0.0
IC01989,1,1,1.0,1,0.0,0.5,0.0,0.0
IC03530,1,1,1.0,1,0.0,0.5,0.0,0.0
IC03531,1,1,1.0,1,0.0,0.5,0.0,0.0
IC03533,1,1,1.0,1,0.0,0.5,0.0,0.0
IC03534,1,1,1.0,1,0.0,0.5,0.0,0.0
IC03564,1,1,1.0,1,0.0,0.5,0.0,0.0
IC03568,1,1,1.0,1,0.0,0.5,0.0,0.0
IC01892,1,1,1.0,1,0.0,0.5,2.0,1.0
IC03625,1,1,1.0,1,0.0,0.5,0.0,0.0
IC03617,1,1,1.0,1,0.0,0.5,0.0,0.0
IC03618,1,1,1.0,1,0.0,0.5,0.0,0.0
IC01920,1,1,1.0,1,0.0,0.5,0.0,0.0
IC03621,1,1,1.0,1,0.0,0.5,0.0,0.0
IC01919,1,1,1.0,1,0.0,0.5,0.0,0.0
IC01918,1,1,1.0,1,0.0,0.5,0.0,0.0
IC01916,1,1,1.0,1,0.0,0.5,0.0,0.0
IC01912,1,1,1.0,1,0.0,0.5,0.0,0.0
IC03572,1,1,1.0,1,0.0,0.5,0.0,0.0
IC01908,1,1,1.0,1,0.0,0.5,2.0,1.0
IC01907,1,1,1.0,1,0.0,0.5,3.0,1.5
IC01903,1,1,1.0,1,0.0,0.5,0.0,0.0
IC03634,1,1,1.0,1,0.0,0.5,0.0,0.0
IC03635,1,1,1.0,1,0.0,0.5,1.0,0.5
IC03636,1,1,1.0,1,0.0,0.5,0.0,0.0
IC01898,1,1,1.0,1,0.0,0.5,1.0,0.5
IC01921,1,1,1.0,1,0.0,0.5,0.0,0.0
IC01924,1,1,1.0,1,0.0,0.5,0.0,0.0
IC01929,1,1,1.0,1,0.0,0.5,2.0,1.0
IC01937,1,1,1.0,1,0.0,0.5,0.0,0.0
IC01958,1,1,1.0,1,0.0,0.5,0.0,0.0
IC03576,1,1,1.0,1,0.0,0.5,1.0,0.5
IC03578,1,1,1.0,1,0.0,0.5,0.0,0.0
IC03580,1,1,1.0,1,0.0,0.5,0.0,0.0
IC01950,1,1,1.0,1,0.0,0.5,0.0,0.0
IC03583,1,1,1.0,1,0.0,0.5,0.0,0.0
IC03584,1,1,1.0,1,0.0,0.5,1.0,0.5
IC03591,1,1,1.0,1,0.0,0.5,0.0,0.0
IC01944,1,1,1.0,1,0.0,0.5,0.0,0.0
IC03598,1,1,1.0,1,0.0,0.5,0.0,0.0
IC03599,1,1,1.0,1,0.0,0.5,0.0,0.0
IC03600,1,1,1.0,1,0.0,0.5,0.0,0.0
IC01941,1,1,1.0,1,0.0,0.5,0.0,0.0
IC03603,1,1,1.0,1,0.0,0.5,0.0,0.0
IC01940,1,1,1.0,1,0.0,0.5,0.0,0.0
IC01797,1,1,1.0,1,0.0,0.5,0.0,0.0
IC03801,1,1,1.0,1,0.0,0.5,0.0,0.0
IC03807,1,1,1.0,1,0.0,0.5,2.0,1.0
IC03952,1,1,1.0,1,0.0,0.5,0.0,0.0
IC03945,1,1,1.0,1,0.0,0.5,0.0,0.0
IC03946,1,1,1.0,1,0.0,0.5,0.0,0.0
IC03947,1,1,1.0,1,0.0,0.5,0.0,0.0
IC03948,1,1,1.0,1,0.0,0.5,0.0,0.0
IC03949,1,1,1.0,1,0.0,0.5,0.0,0.0
IC01678,1,1,1.0,1,0.0,0.5,0.0,0.0
IC03951,1,1,1.0,1,0.0,0.5,0.0,0.0
IC03953,1,1,1.0,1,0.0,0.5,0.0,0.0
IC03962,1,1,1.0,1,0.0,0.5,0.0,0.0
IC03954,1,1,1.0,1,0.0,0.5,0.0,0.0
IC03955,1,1,1.0,1,0.0,0.5,0.0,0.0
IC03956,1,1,1.0,1,0.0,0.5,0.0,0.0
IC03957,1,1,1.0,1,0.0,0.5,0.0,0.0
IC03958,1,1,1.0,1,0.0,0.5,0.0,0.0
IC01676,1,1,1.0,1,0.0,0.5,0.0,0.0
IC03960,1,1,1.0,1,0.0,0.5,0.0,0.0
IC03944,1,1,1.0,1,0.0,0.5,0.0,0.0
IC01680,1,1,1.0,1,0.0,0.5,0.0,0.0
IC03942,1,1,1.0,1,0.0,0.5,0.0,0.0
IC03941,1,1,1.0,1,0.0,0.5,0.0,0.0
IC03926,1,1,1.0,1,0.0,0.5,0.0,0.0
IC03927,1,1,1.0,1,0.0,0.5,0.0,0.0
IC03928,1,1,1.0,1,0.0,0.5,0.0,0.0
IC03929,1,1,1.0,1,0.0,0.5,0.0,0.0
IC03930,1,1,1.0,1,0.0,0.5,0.0,0.0
IC03931,1,1,1.0,1,0.0,0.5,0.0,0.0
IC03932,1,1,1.0,1,0.0,0.5,0.0,0.0
IC03933,1,1,1.0,1,0.0,0.5,0.0,0.0
IC03934,1,1,1.0,1,0.0,0.5,0.0,0.0
IC03935,1,1,1.0,1,0.0,0.5,0.0,0.0
IC03936,1,1,1.0,1,0.0,0.5,0.0,0.0
IC03937,1,1,1.0,1,0.0,0.5,0.0,0.0
IC03938,1,1,1.0,1,0.0,0.5,0.0,0.0
IC03939,1,1,1.0,1,0.0,0.5,0.0,0.0
IC03940,1,1,1.0,1,0.0,0.5,0.0,0.0
IC03961,1,1,1.0,1,0.0,0.5,0.0,0.0
IC03963,1,1,1.0,1,0.0,0.5,0.0,0.0
IC03808,1,1,1.0,1,0.0,0.5,0.0,0.0
IC03992,1,1,1.0,1,0.0,0.5,0.0,0.0
IC03984,1,1,1.0,1,0.0,0.5,0.0,0.0
IC03985,1,1,1.0,1,0.0,0.5,0.0,0.0
IC03986,1,1,1.0,1,0.0,0.5,0.0,0.0
IC03987,1,1,1.0,1,0.0,0.5,0.0,0.0
IC03988,1,1,1.0,1,0.0,0.5,0.0,0.0
IC03990,1,1,1.0,1,0.0,0.5,0.0,0.0
IC03991,1,1,1.0,1,0.0,0.5,0.0,0.0
IC01671,1,1,1.0,1,0.0,0.5,0.0,0.0
IC03964,1,1,1.0,1,0.0,0.5,0.0,0.0
IC01665,1,1,1.0,1,0.0,0.5,0.0,0.0
IC01654,1,1,1.0,1,0.0,0.5,0.0,0.0
IC03999,1,1,1.0,1,0.0,0.5,0.0,0.0
IC04000,1,1,1.0,1,0.0,0.5,0.0,0.0
IC04003,1,1,1.0,1,0.0,0.5,1.0,0.5
IC04004,1,1,1.0,1,0.0,0.5,0.0,0.0
IC04006,1,1,1.0,1,0.0,0.5,0.0,0.0
IC01674,1,1,1.0,1,0.0,0.5,2.0,1.0
IC03982,1,1,1.0,1,0.0,0.5,0.0,0.0
IC03981,1,1,1.0,1,0.0,0.5,0.0,0.0
IC03980,1,1,1.0,1,0.0,0.5,0.0,0.0
IC03965,1,1,1.0,1,0.0,0.5,0.0,0.0
IC03966,1,1,1.0,1,0.0,0.5,0.0,0.0
IC03967,1,1,1.0,1,0.0,0.5,0.0,0.0
IC03968,1,1,1.0,1,0.0,0.5,0.0,0.0
IC03969,1,1,1.0,1,0.0,0.5,0.0,0.0
IC03970,1,1,1.0,1,0.0,0.5,0.0,0.0
IC03971,1,1,1.0,1,0.0,0.5,0.0,0.0
IC03972,1,1,1.0,1,0.0,0.5,0.0,0.0
IC03973,1,1,1.0,1,0.0,0.5,0.0,0.0
IC03974,1,1,1.0,1,0.0,0.5,0.0,0.0
IC01675,1,1,1.0,1,0.0,0.5,0.0,0.0
IC03976,1,1,1.0,1,0.0,0.5,0.0,0.0
IC03977,1,1,1.0,1,0.0,0.5,0.0,0.0
IC03978,1,1,1.0,1,0.0,0.5,0.0,0.0
IC03979,1,1,1.0,1,0.0,0.5,0.0,0.0
IC03925,1,1,1.0,1,0.0,0.5,0.0,0.0
IC03924,1,1,1.0,1,0.0,0.5,0.0,0.0
IC03923,1,1,1.0,1,0.0,0.5,0.0,0.0
IC03854,1,1,1.0,1,0.0,0.5,0.0,0.0
IC01758,1,1,1.0,1,0.0,0.5,1.0,0.5
IC03844,1,1,1.0,1,0.0,0.5,1.0,0.5
IC03847,1,1,1.0,1,0.0,0.5,0.0,0.0
IC01756,1,1,1.0,1,0.0,0.5,0.0,0.0
IC01754,1,1,1.0,1,0.0,0.5,0.0,0.0
IC01750,1,1,1.0,1,0.0,0.5,0.0,0.0
IC01743,1,1,1.0,1,0.0,0.5,0.0,0.0
IC01741,1,1,1.0,1,0.0,0.5,0.0,0.0
IC03922,1,1,1.0,1,0.0,0.5,0.0,0.0
IC03859,1,1,1.0,1,0.0,0.5,0.0,0.0
IC01740,1,1,1.0,1,0.0,0.5,3.0,1.5
IC03861,1,1,1.0,1,0.0,0.5,0.0,0.0
IC01739,1,1,1.0,1,0.0,0.5,0.0,0.0
IC01736,1,1,1.0,1,0.0,0.5,0.0,0.0
IC03866,1,1,1.0,1,0.0,0.5,0.0,0.0
IC03867,1,1,1.0,1,0.0,0.5,0.0,0.0
IC03838,1,1,1.0,1,0.0,0.5,0.0,0.0
IC01759,1,1,1.0,1,0.0,0.5,0.0,0.0
IC01760,1,1,1.0,1,0.0,0.5,0.0,0.0
IC03832,1,1,1.0,1,0.0,0.5,0.0,0.0
IC03809,1,1,1.0,1,0.0,0.5,0.0,0.0
IC03811,1,1,1.0,1,0.0,0.5,1.0,0.5
IC01790,1,1,1.0,1,0.0,0.5,0.0,0.0
IC03815,1,1,1.0,1,0.0,0.5,1.0,0.5
IC01786,1,1,1.0,1,0.0,0.5,0.0,0.0
IC01785,1,1,1.0,1,0.0,0.5,2.0,1.0
IC03819,1,1,1.0,1,0.0,0.5,0.0,0.0
IC03822,1,1,1.0,1,0.0,0.5,0.0,0.0
IC01771,1,1,1.0,1,0.0,0.5,0.0,0.0
IC01769,1,1,1.0,1,0.0,0.5,0.0,0.0
IC03826,1,1,1.0,1,0.0,0.5,0.0,0.0
IC01764,1,1,1.0,1,0.0,0.5,1.0,0.5
IC01763,1,1,1.0,1,0.0,0.5,4.0,2.0
IC03830,1,1,1.0,1,0.0,0.5,1.0,0.5
IC01762,1,1,1.0,1,0.0,0.5,0.0,0.0
IC03868,1,1,1.0,1,0.0,0.5,0.0,0.0
IC03869,1,1,1.0,1,0.0,0.5,0.0,0.0
IC03870,1,1,1.0,1,0.0,0.5,0.0,0.0
IC03903,1,1,1.0,1,0.0,0.5,0.0,0.0
IC03905,1,1,1.0,1,0.0,0.5,0.0,0.0
IC03906,1,1,1.0,1,0.0,0.5,0.0,0.0
IC03907,1,1,1.0,1,0.0,0.5,0.0,0.0
IC03909,1,1,1.0,1,0.0,0.5,0.0,0.0
IC03911,1,1,1.0,1,0.0,0.5,0.0,0.0
IC03912,1,1,1.0,1,0.0,0.5,0.0,0.0
IC03913,1,1,1.0,1,0.0,0.5,0.0,0.0
IC03914,1,1,1.0,1,0.0,0.5,0.0,0.0
IC03915,1,1,1.0,1,0.0,0.5,0.0,0.0
IC03916,1,1,1.0,1,0.0,0.5,0.0,0.0
IC03917,1,1,1.0,1,0.0,0.5,0.0,0.0
IC03918,1,1,1.0,1,0.0,0.5,0.0,0.0
IC03919,1,1,1.0,1,0.0,0.5,0.0,0.0
IC03920,1,1,1.0,1,0.0,0.5,0.0,0.0
IC03921,1,1,1.0,1,0.0,0.5,0.0,0.0
IC03904,1,1,1.0,1,0.0,0.5,0.0,0.0
IC03902,1,1,1.0,1,0.0,0.5,0.0,0.0
IC03871,1,1,1.0,1,0.0,0.5,0.0,0.0
IC03901,1,1,1.0,1,0.0,0.5,0.0,0.0
IC01733,1,1,1.0,1,0.0,0.5,0.0,0.0
IC03873,1,1,1.0,1,0.0,0.5,1.0,0.5
IC01732,1,1,1.0,1,0.0,0.5,0.0,0.0
IC01731,1,1,1.0,1,0.0,0.5,0.0,0.0
IC03881,1,1,1.0,1,0.0,0.5,1.0,0.5
IC03883,1,1,1.0,1,0.0,0.5,0.0,0.0
IC01723,1,1,1.0,1,0.0,0.5,0.0,0.0
IC03890,1,1,1.0,1,0.0,0.5,0.0,0.0
IC03893,1,1,1.0,1,0.0,0.5,1.0,0.5
IC03894,1,1,1.0,1,0.0,0.5,0.0,0.0
IC03895,1,1,1.0,1,0.0,0.5,0.0,0.0
IC03896,1,1,1.0,1,0.0,0.5,0.0,0.0
IC03897,1,1,1.0,1,0.0,0.5,0.0,0.0
IC03899,1,1,1.0,1,0.0,0.5,0.0,0.0
IC03900,1,1,1.0,1,0.0,0.5,0.0,0.0
IC03102,1,1,1.0,1,0.0,0.5,0.0,0.0
